station_id,suburb,road_name,period,traffic_count,wgs84_latitude,wgs84_longitude,createdAt,updatedAt
1,Sydney,Sydney Harbour Tunnel,ALL DAYS,89163,-33.860836,151.213791,0000-00-00 00:00:00,0000-00-00 00:00:00
2,Sydney,Sydney Harbour Tunnel,AM PEAK,24998,-33.860836,151.213791,0000-00-00 00:00:00,0000-00-00 00:00:00
3,Sydney,Sydney Harbour Tunnel,OFF PEAK,43575,-33.860836,151.213791,0000-00-00 00:00:00,0000-00-00 00:00:00
4,Sydney,Sydney Harbour Tunnel,PM PEAK,23367,-33.860836,151.213791,0000-00-00 00:00:00,0000-00-00 00:00:00
5,Newtown,Enmore Road,ALL DAYS,28335,-33.898201,151.177399,0000-00-00 00:00:00,0000-00-00 00:00:00
6,Newtown,Enmore Road,AM PEAK,6526,-33.898201,151.177399,0000-00-00 00:00:00,0000-00-00 00:00:00
7,Newtown,Enmore Road,OFF PEAK,14554,-33.898201,151.177399,0000-00-00 00:00:00,0000-00-00 00:00:00
8,Newtown,Enmore Road,PM PEAK,7435,-33.898201,151.177399,0000-00-00 00:00:00,0000-00-00 00:00:00
9,Alexandria,O'riordan Street,ALL DAYS,25358,-33.907532,151.200974,0000-00-00 00:00:00,0000-00-00 00:00:00
10,Alexandria,O'riordan Street,AM PEAK,6625,-33.907532,151.200974,0000-00-00 00:00:00,0000-00-00 00:00:00
11,Alexandria,O'riordan Street,OFF PEAK,13409,-33.907532,151.200974,0000-00-00 00:00:00,0000-00-00 00:00:00
12,Alexandria,O'riordan Street,PM PEAK,6790,-33.907532,151.200974,0000-00-00 00:00:00,0000-00-00 00:00:00
13,Darlinghurst,Crown Street,ALL DAYS,9641,-33.874722,151.216217,0000-00-00 00:00:00,0000-00-00 00:00:00
14,Darlinghurst,Crown Street,AM PEAK,2063,-33.874722,151.216217,0000-00-00 00:00:00,0000-00-00 00:00:00
15,Darlinghurst,Crown Street,OFF PEAK,5378,-33.874722,151.216217,0000-00-00 00:00:00,0000-00-00 00:00:00
16,Darlinghurst,Crown Street,PM PEAK,2276,-33.874722,151.216217,0000-00-00 00:00:00,0000-00-00 00:00:00
17,South Grafton,Craig Street,ALL DAYS,23117,-29.697966,152.942108,0000-00-00 00:00:00,0000-00-00 00:00:00
18,South Grafton,Craig Street,AM PEAK,5367,-29.697966,152.942108,0000-00-00 00:00:00,0000-00-00 00:00:00
19,South Grafton,Craig Street,OFF PEAK,12438,-29.697966,152.942108,0000-00-00 00:00:00,0000-00-00 00:00:00
20,South Grafton,Craig Street,PM PEAK,6782,-29.697966,152.942108,0000-00-00 00:00:00,0000-00-00 00:00:00
21,Pinny Beach,Pacific Highway,ALL DAYS,19779,-33.100418,151.629105,0000-00-00 00:00:00,0000-00-00 00:00:00
22,Pinny Beach,Pacific Highway,AM PEAK,5448,-33.100418,151.629105,0000-00-00 00:00:00,0000-00-00 00:00:00
23,Pinny Beach,Pacific Highway,OFF PEAK,8940,-33.100418,151.629105,0000-00-00 00:00:00,0000-00-00 00:00:00
24,Pinny Beach,Pacific Highway,PM PEAK,6164,-33.100418,151.629105,0000-00-00 00:00:00,0000-00-00 00:00:00
25,Blue Haven,Pacific Highway,ALL DAYS,20324,-33.208641,151.516586,0000-00-00 00:00:00,0000-00-00 00:00:00
26,Blue Haven,Pacific Highway,AM PEAK,5277,-33.208641,151.516586,0000-00-00 00:00:00,0000-00-00 00:00:00
27,Blue Haven,Pacific Highway,OFF PEAK,10188,-33.208641,151.516586,0000-00-00 00:00:00,0000-00-00 00:00:00
28,Blue Haven,Pacific Highway,PM PEAK,6194,-33.208641,151.516586,0000-00-00 00:00:00,0000-00-00 00:00:00
29,Millers Forest,Raymond Terrace Road,ALL DAYS,10226,-32.752235,151.72522,0000-00-00 00:00:00,0000-00-00 00:00:00
30,Millers Forest,Raymond Terrace Road,AM PEAK,3048,-32.752235,151.72522,0000-00-00 00:00:00,0000-00-00 00:00:00
31,Millers Forest,Raymond Terrace Road,OFF PEAK,4774,-32.752235,151.72522,0000-00-00 00:00:00,0000-00-00 00:00:00
32,Millers Forest,Raymond Terrace Road,PM PEAK,3518,-32.752235,151.72522,0000-00-00 00:00:00,0000-00-00 00:00:00
33,Milbrodale,Putty Road,ALL DAYS,659,-32.694839,150.989945,0000-00-00 00:00:00,0000-00-00 00:00:00
34,Milbrodale,Putty Road,AM PEAK,124,-32.694839,150.989945,0000-00-00 00:00:00,0000-00-00 00:00:00
35,Milbrodale,Putty Road,OFF PEAK,322,-32.694839,150.989945,0000-00-00 00:00:00,0000-00-00 00:00:00
36,Milbrodale,Putty Road,PM PEAK,163,-32.694839,150.989945,0000-00-00 00:00:00,0000-00-00 00:00:00
37,Abermain,Cessnock Road,ALL DAYS,15702,-32.821819,151.419708,0000-00-00 00:00:00,0000-00-00 00:00:00
38,Abermain,Cessnock Road,AM PEAK,4007,-32.821819,151.419708,0000-00-00 00:00:00,0000-00-00 00:00:00
39,Abermain,Cessnock Road,OFF PEAK,7835,-32.821819,151.419708,0000-00-00 00:00:00,0000-00-00 00:00:00
40,Abermain,Cessnock Road,PM PEAK,4855,-32.821819,151.419708,0000-00-00 00:00:00,0000-00-00 00:00:00
41,Freemans Waterhole,Freemans Drive,ALL DAYS,10226,-32.97062683,151.4822235,0000-00-00 00:00:00,0000-00-00 00:00:00
42,Freemans Waterhole,Freemans Drive,AM PEAK,2203,-32.97062683,151.4822235,0000-00-00 00:00:00,0000-00-00 00:00:00
43,Freemans Waterhole,Freemans Drive,OFF PEAK,4713,-32.97062683,151.4822235,0000-00-00 00:00:00,0000-00-00 00:00:00
44,Freemans Waterhole,Freemans Drive,PM PEAK,2740,-32.97062683,151.4822235,0000-00-00 00:00:00,0000-00-00 00:00:00
45,Charlestown,Pacific Highway,ALL DAYS,28005,-32.963619,151.695831,0000-00-00 00:00:00,0000-00-00 00:00:00
46,Charlestown,Pacific Highway,AM PEAK,7516,-32.963619,151.695831,0000-00-00 00:00:00,0000-00-00 00:00:00
47,Charlestown,Pacific Highway,OFF PEAK,13372,-32.963619,151.695831,0000-00-00 00:00:00,0000-00-00 00:00:00
48,Charlestown,Pacific Highway,PM PEAK,9222,-32.963619,151.695831,0000-00-00 00:00:00,0000-00-00 00:00:00
49,New Lambton Heights,Lookout Road,ALL DAYS,43060,-32.92556,151.696289,0000-00-00 00:00:00,0000-00-00 00:00:00
50,New Lambton Heights,Lookout Road,AM PEAK,11984,-32.92556,151.696289,0000-00-00 00:00:00,0000-00-00 00:00:00
51,New Lambton Heights,Lookout Road,OFF PEAK,21656,-32.92556,151.696289,0000-00-00 00:00:00,0000-00-00 00:00:00
52,New Lambton Heights,Lookout Road,PM PEAK,13398,-32.92556,151.696289,0000-00-00 00:00:00,0000-00-00 00:00:00
53,Waratah,Maud Street,ALL DAYS,18938,-32.896118,151.720154,0000-00-00 00:00:00,0000-00-00 00:00:00
54,Waratah,Maud Street,AM PEAK,5085,-32.896118,151.720154,0000-00-00 00:00:00,0000-00-00 00:00:00
55,Waratah,Maud Street,OFF PEAK,11081,-32.896118,151.720154,0000-00-00 00:00:00,0000-00-00 00:00:00
56,Waratah,Maud Street,PM PEAK,5824,-32.896118,151.720154,0000-00-00 00:00:00,0000-00-00 00:00:00
57,Argenton,Lake Road,ALL DAYS,25406,-32.941467,151.624649,0000-00-00 00:00:00,0000-00-00 00:00:00
58,Argenton,Lake Road,AM PEAK,6311,-32.941467,151.624649,0000-00-00 00:00:00,0000-00-00 00:00:00
59,Argenton,Lake Road,OFF PEAK,13185,-32.941467,151.624649,0000-00-00 00:00:00,0000-00-00 00:00:00
60,Argenton,Lake Road,PM PEAK,7847,-32.941467,151.624649,0000-00-00 00:00:00,0000-00-00 00:00:00
61,Redhead,Red Head Road,ALL DAYS,9074,-33.00746536,151.7157898,0000-00-00 00:00:00,0000-00-00 00:00:00
62,Redhead,Red Head Road,AM PEAK,2378,-33.00746536,151.7157898,0000-00-00 00:00:00,0000-00-00 00:00:00
63,Redhead,Red Head Road,OFF PEAK,4247,-33.00746536,151.7157898,0000-00-00 00:00:00,0000-00-00 00:00:00
64,Redhead,Red Head Road,PM PEAK,2911,-33.00746536,151.7157898,0000-00-00 00:00:00,0000-00-00 00:00:00
65,Belmont,Croudace Bay Road,ALL DAYS,12386,-33.025345,151.650024,0000-00-00 00:00:00,0000-00-00 00:00:00
66,Belmont,Croudace Bay Road,AM PEAK,3053,-33.025345,151.650024,0000-00-00 00:00:00,0000-00-00 00:00:00
67,Belmont,Croudace Bay Road,OFF PEAK,5963,-33.025345,151.650024,0000-00-00 00:00:00,0000-00-00 00:00:00
68,Belmont,Croudace Bay Road,PM PEAK,3889,-33.025345,151.650024,0000-00-00 00:00:00,0000-00-00 00:00:00
69,Denman,Palace Street,ALL DAYS,2799,-32.380688,150.690872,0000-00-00 00:00:00,0000-00-00 00:00:00
70,Denman,Palace Street,AM PEAK,589,-32.380688,150.690872,0000-00-00 00:00:00,0000-00-00 00:00:00
71,Denman,Palace Street,OFF PEAK,1517,-32.380688,150.690872,0000-00-00 00:00:00,0000-00-00 00:00:00
72,Denman,Palace Street,PM PEAK,765,-32.380688,150.690872,0000-00-00 00:00:00,0000-00-00 00:00:00
73,Glendale,Main Road,ALL DAYS,23792,-32.928658,151.641113,0000-00-00 00:00:00,0000-00-00 00:00:00
74,Glendale,Main Road,AM PEAK,7029,-32.928658,151.641113,0000-00-00 00:00:00,0000-00-00 00:00:00
75,Glendale,Main Road,OFF PEAK,11358,-32.928658,151.641113,0000-00-00 00:00:00,0000-00-00 00:00:00
76,Glendale,Main Road,PM PEAK,7946,-32.928658,151.641113,0000-00-00 00:00:00,0000-00-00 00:00:00
77,Kooragang,Nelson Bay Road,ALL DAYS,25261,-32.884647,151.786591,0000-00-00 00:00:00,0000-00-00 00:00:00
78,Kooragang,Nelson Bay Road,AM PEAK,7357,-32.884647,151.786591,0000-00-00 00:00:00,0000-00-00 00:00:00
79,Kooragang,Nelson Bay Road,OFF PEAK,11908,-32.884647,151.786591,0000-00-00 00:00:00,0000-00-00 00:00:00
80,Kooragang,Nelson Bay Road,PM PEAK,7896,-32.884647,151.786591,0000-00-00 00:00:00,0000-00-00 00:00:00
81,Braemar,Old Hume Highway,ALL DAYS,19993,-34.432686,150.480286,0000-00-00 00:00:00,0000-00-00 00:00:00
82,Braemar,Old Hume Highway,AM PEAK,4903,-34.432686,150.480286,0000-00-00 00:00:00,0000-00-00 00:00:00
83,Braemar,Old Hume Highway,OFF PEAK,9471,-34.432686,150.480286,0000-00-00 00:00:00,0000-00-00 00:00:00
84,Braemar,Old Hume Highway,PM PEAK,6109,-34.432686,150.480286,0000-00-00 00:00:00,0000-00-00 00:00:00
85,Macquarie Pass,Illawarra Highway,ALL DAYS,3676,-34.566525,150.662857,0000-00-00 00:00:00,0000-00-00 00:00:00
86,Macquarie Pass,Illawarra Highway,AM PEAK,903,-34.566525,150.662857,0000-00-00 00:00:00,0000-00-00 00:00:00
87,Macquarie Pass,Illawarra Highway,OFF PEAK,1596,-34.566525,150.662857,0000-00-00 00:00:00,0000-00-00 00:00:00
88,Macquarie Pass,Illawarra Highway,PM PEAK,1160,-34.566525,150.662857,0000-00-00 00:00:00,0000-00-00 00:00:00
89,Spring Hill,Five Islands Road,ALL DAYS,37624,-34.465855,150.874085,0000-00-00 00:00:00,0000-00-00 00:00:00
90,Spring Hill,Five Islands Road,AM PEAK,10473,-34.465855,150.874085,0000-00-00 00:00:00,0000-00-00 00:00:00
91,Spring Hill,Five Islands Road,OFF PEAK,20099,-34.465855,150.874085,0000-00-00 00:00:00,0000-00-00 00:00:00
92,Spring Hill,Five Islands Road,PM PEAK,10480,-34.465855,150.874085,0000-00-00 00:00:00,0000-00-00 00:00:00
93,Gerringong,Fern Street,ALL DAYS,11583,-34.75335693,150.8264313,0000-00-00 00:00:00,0000-00-00 00:00:00
94,Gerringong,Fern Street,AM PEAK,2551,-34.75335693,150.8264313,0000-00-00 00:00:00,0000-00-00 00:00:00
95,Gerringong,Fern Street,OFF PEAK,5256,-34.75335693,150.8264313,0000-00-00 00:00:00,0000-00-00 00:00:00
96,Gerringong,Fern Street,PM PEAK,3428,-34.75335693,150.8264313,0000-00-00 00:00:00,0000-00-00 00:00:00
97,Port Kembla,Illawarra Street,ALL DAYS,7039,-34.48645,150.901474,0000-00-00 00:00:00,0000-00-00 00:00:00
98,Port Kembla,Illawarra Street,AM PEAK,1563,-34.48645,150.901474,0000-00-00 00:00:00,0000-00-00 00:00:00
99,Port Kembla,Illawarra Street,OFF PEAK,3779,-34.48645,150.901474,0000-00-00 00:00:00,0000-00-00 00:00:00
100,Port Kembla,Illawarra Street,PM PEAK,2117,-34.48645,150.901474,0000-00-00 00:00:00,0000-00-00 00:00:00
101,Sutton Forest,Hume Highway,ALL DAYS,22634,-34.617638,150.214416,0000-00-00 00:00:00,0000-00-00 00:00:00
102,Sutton Forest,Hume Highway,AM PEAK,4511,-34.617638,150.214416,0000-00-00 00:00:00,0000-00-00 00:00:00
103,Sutton Forest,Hume Highway,OFF PEAK,12068,-34.617638,150.214416,0000-00-00 00:00:00,0000-00-00 00:00:00
104,Sutton Forest,Hume Highway,PM PEAK,5502,-34.617638,150.214416,0000-00-00 00:00:00,0000-00-00 00:00:00
105,Falls Creek,Jervis Bay Road,ALL DAYS,8614,-34.986893,150.592178,0000-00-00 00:00:00,0000-00-00 00:00:00
106,Falls Creek,Jervis Bay Road,AM PEAK,2277,-34.986893,150.592178,0000-00-00 00:00:00,0000-00-00 00:00:00
107,Falls Creek,Jervis Bay Road,OFF PEAK,4067,-34.986893,150.592178,0000-00-00 00:00:00,0000-00-00 00:00:00
108,Falls Creek,Jervis Bay Road,PM PEAK,2616,-34.986893,150.592178,0000-00-00 00:00:00,0000-00-00 00:00:00
109,Figtree,Princes Highway,ALL DAYS,26887,-34.439182,150.85762,0000-00-00 00:00:00,0000-00-00 00:00:00
110,Figtree,Princes Highway,AM PEAK,6357,-34.439182,150.85762,0000-00-00 00:00:00,0000-00-00 00:00:00
111,Figtree,Princes Highway,OFF PEAK,13145,-34.439182,150.85762,0000-00-00 00:00:00,0000-00-00 00:00:00
112,Figtree,Princes Highway,PM PEAK,8799,-34.439182,150.85762,0000-00-00 00:00:00,0000-00-00 00:00:00
113,Menangle Park,Hume Motorway,ALL DAYS,52107,-34.115025,150.759109,0000-00-00 00:00:00,0000-00-00 00:00:00
114,Menangle Park,Hume Motorway,AM PEAK,12402,-34.115025,150.759109,0000-00-00 00:00:00,0000-00-00 00:00:00
115,Menangle Park,Hume Motorway,OFF PEAK,26184,-34.115025,150.759109,0000-00-00 00:00:00,0000-00-00 00:00:00
116,Menangle Park,Hume Motorway,PM PEAK,14290,-34.115025,150.759109,0000-00-00 00:00:00,0000-00-00 00:00:00
117,Bulli,Princes Highway,ALL DAYS,13224,-34.320358,150.895767,0000-00-00 00:00:00,0000-00-00 00:00:00
118,Bulli,Princes Highway,AM PEAK,3363,-34.320358,150.895767,0000-00-00 00:00:00,0000-00-00 00:00:00
119,Bulli,Princes Highway,OFF PEAK,6380,-34.320358,150.895767,0000-00-00 00:00:00,0000-00-00 00:00:00
120,Bulli,Princes Highway,PM PEAK,3912,-34.320358,150.895767,0000-00-00 00:00:00,0000-00-00 00:00:00
121,Stony Creek,Princes Highway,ALL DAYS,3468,-36.627476,149.843384,0000-00-00 00:00:00,0000-00-00 00:00:00
122,Stony Creek,Princes Highway,AM PEAK,929,-36.627476,149.843384,0000-00-00 00:00:00,0000-00-00 00:00:00
123,Stony Creek,Princes Highway,OFF PEAK,1773,-36.627476,149.843384,0000-00-00 00:00:00,0000-00-00 00:00:00
124,Stony Creek,Princes Highway,PM PEAK,1034,-36.627476,149.843384,0000-00-00 00:00:00,0000-00-00 00:00:00
125,Stony Creek,Snowy Mountains Highway,ALL DAYS,1787,-36.631699,149.814713,0000-00-00 00:00:00,0000-00-00 00:00:00
126,Stony Creek,Snowy Mountains Highway,AM PEAK,428,-36.631699,149.814713,0000-00-00 00:00:00,0000-00-00 00:00:00
127,Stony Creek,Snowy Mountains Highway,OFF PEAK,867,-36.631699,149.814713,0000-00-00 00:00:00,0000-00-00 00:00:00
128,Stony Creek,Snowy Mountains Highway,PM PEAK,510,-36.631699,149.814713,0000-00-00 00:00:00,0000-00-00 00:00:00
129,North Batemans Bay,Princes Highway,ALL DAYS,8733,-35.699673,150.184463,0000-00-00 00:00:00,0000-00-00 00:00:00
130,North Batemans Bay,Princes Highway,AM PEAK,2046,-35.699673,150.184463,0000-00-00 00:00:00,0000-00-00 00:00:00
131,North Batemans Bay,Princes Highway,OFF PEAK,4375,-35.699673,150.184463,0000-00-00 00:00:00,0000-00-00 00:00:00
132,North Batemans Bay,Princes Highway,PM PEAK,2479,-35.699673,150.184463,0000-00-00 00:00:00,0000-00-00 00:00:00
133,Bodalla,Princes Highway,ALL DAYS,5191,-36.105434,150.056808,0000-00-00 00:00:00,0000-00-00 00:00:00
134,Bodalla,Princes Highway,AM PEAK,1174,-36.105434,150.056808,0000-00-00 00:00:00,0000-00-00 00:00:00
135,Bodalla,Princes Highway,OFF PEAK,2756,-36.105434,150.056808,0000-00-00 00:00:00,0000-00-00 00:00:00
136,Bodalla,Princes Highway,PM PEAK,1423,-36.105434,150.056808,0000-00-00 00:00:00,0000-00-00 00:00:00
137,Pine Valley,Snowy Mountains Highway,ALL DAYS,3590,-36.241871,149.064804,0000-00-00 00:00:00,0000-00-00 00:00:00
138,Pine Valley,Snowy Mountains Highway,AM PEAK,895,-36.241871,149.064804,0000-00-00 00:00:00,0000-00-00 00:00:00
139,Pine Valley,Snowy Mountains Highway,OFF PEAK,1713,-36.241871,149.064804,0000-00-00 00:00:00,0000-00-00 00:00:00
140,Pine Valley,Snowy Mountains Highway,PM PEAK,1109,-36.241871,149.064804,0000-00-00 00:00:00,0000-00-00 00:00:00
141,Bunyan,Monaro Highway,ALL DAYS,4343,-36.155613,149.151504,0000-00-00 00:00:00,0000-00-00 00:00:00
142,Bunyan,Monaro Highway,AM PEAK,920,-36.155613,149.151504,0000-00-00 00:00:00,0000-00-00 00:00:00
143,Bunyan,Monaro Highway,OFF PEAK,2104,-36.155613,149.151504,0000-00-00 00:00:00,0000-00-00 00:00:00
144,Bunyan,Monaro Highway,PM PEAK,1258,-36.155613,149.151504,0000-00-00 00:00:00,0000-00-00 00:00:00
145,Bombala,Monaro Highway,ALL DAYS,1134,-36.893013,149.239685,0000-00-00 00:00:00,0000-00-00 00:00:00
146,Bombala,Monaro Highway,AM PEAK,263,-36.893013,149.239685,0000-00-00 00:00:00,0000-00-00 00:00:00
147,Bombala,Monaro Highway,OFF PEAK,604,-36.893013,149.239685,0000-00-00 00:00:00,0000-00-00 00:00:00
148,Bombala,Monaro Highway,PM PEAK,334,-36.893013,149.239685,0000-00-00 00:00:00,0000-00-00 00:00:00
149,Canley Heights,Cambridge Street,ALL DAYS,41189,-33.878181,150.924942,0000-00-00 00:00:00,0000-00-00 00:00:00
150,Canley Heights,Cambridge Street,AM PEAK,9964,-33.878181,150.924942,0000-00-00 00:00:00,0000-00-00 00:00:00
151,Canley Heights,Cambridge Street,OFF PEAK,21931,-33.878181,150.924942,0000-00-00 00:00:00,0000-00-00 00:00:00
152,Canley Heights,Cambridge Street,PM PEAK,11218,-33.878181,150.924942,0000-00-00 00:00:00,0000-00-00 00:00:00
153,Clifton,Lawrence Hargrave Drive,ALL DAYS,4888,-34.259789,150.969467,0000-00-00 00:00:00,0000-00-00 00:00:00
154,Clifton,Lawrence Hargrave Drive,AM PEAK,947,-34.259789,150.969467,0000-00-00 00:00:00,0000-00-00 00:00:00
155,Clifton,Lawrence Hargrave Drive,OFF PEAK,2328,-34.259789,150.969467,0000-00-00 00:00:00,0000-00-00 00:00:00
156,Clifton,Lawrence Hargrave Drive,PM PEAK,1131,-34.259789,150.969467,0000-00-00 00:00:00,0000-00-00 00:00:00
157,Pagewood,Wentworth Avenue,ALL DAYS,49670,-33.936672,151.209625,0000-00-00 00:00:00,0000-00-00 00:00:00
158,Pagewood,Wentworth Avenue,AM PEAK,12668,-33.936672,151.209625,0000-00-00 00:00:00,0000-00-00 00:00:00
159,Pagewood,Wentworth Avenue,OFF PEAK,25116,-33.936672,151.209625,0000-00-00 00:00:00,0000-00-00 00:00:00
160,Pagewood,Wentworth Avenue,PM PEAK,14391,-33.936672,151.209625,0000-00-00 00:00:00,0000-00-00 00:00:00
161,St Peters,Canal Road,ALL DAYS,31683,-33.919224,151.177978,0000-00-00 00:00:00,0000-00-00 00:00:00
162,St Peters,Canal Road,AM PEAK,8089,-33.919224,151.177978,0000-00-00 00:00:00,0000-00-00 00:00:00
163,St Peters,Canal Road,OFF PEAK,17595,-33.919224,151.177978,0000-00-00 00:00:00,0000-00-00 00:00:00
164,St Peters,Canal Road,PM PEAK,7372,-33.919224,151.177978,0000-00-00 00:00:00,0000-00-00 00:00:00
165,Lilyfield,City West Link Road,ALL DAYS,66255,-33.871185,151.172668,0000-00-00 00:00:00,0000-00-00 00:00:00
166,Lilyfield,City West Link Road,AM PEAK,14058,-33.871185,151.172668,0000-00-00 00:00:00,0000-00-00 00:00:00
167,Lilyfield,City West Link Road,OFF PEAK,36531,-33.871185,151.172668,0000-00-00 00:00:00,0000-00-00 00:00:00
168,Lilyfield,City West Link Road,PM PEAK,15533,-33.871185,151.172668,0000-00-00 00:00:00,0000-00-00 00:00:00
169,Cammeray,Strathallen Avenue,ALL DAYS,23632,-33.817001,151.212357,0000-00-00 00:00:00,0000-00-00 00:00:00
170,Cammeray,Strathallen Avenue,AM PEAK,6706,-33.817001,151.212357,0000-00-00 00:00:00,0000-00-00 00:00:00
171,Cammeray,Strathallen Avenue,OFF PEAK,10890,-33.817001,151.212357,0000-00-00 00:00:00,0000-00-00 00:00:00
172,Cammeray,Strathallen Avenue,PM PEAK,7168,-33.817001,151.212357,0000-00-00 00:00:00,0000-00-00 00:00:00
173,Mosman,Ourimbah Road,ALL DAYS,23871,-33.822067,151.238358,0000-00-00 00:00:00,0000-00-00 00:00:00
174,Mosman,Ourimbah Road,AM PEAK,6972,-33.822067,151.238358,0000-00-00 00:00:00,0000-00-00 00:00:00
175,Mosman,Ourimbah Road,OFF PEAK,10480,-33.822067,151.238358,0000-00-00 00:00:00,0000-00-00 00:00:00
176,Mosman,Ourimbah Road,PM PEAK,7183,-33.822067,151.238358,0000-00-00 00:00:00,0000-00-00 00:00:00
177,Brighton-Le-Sands,General Holmes Drive,ALL DAYS,64993,-33.95490646,151.1586761,0000-00-00 00:00:00,0000-00-00 00:00:00
178,Brighton-Le-Sands,General Holmes Drive,AM PEAK,16027,-33.95490646,151.1586761,0000-00-00 00:00:00,0000-00-00 00:00:00
179,Brighton-Le-Sands,General Holmes Drive,OFF PEAK,32460,-33.95490646,151.1586761,0000-00-00 00:00:00,0000-00-00 00:00:00
180,Brighton-Le-Sands,General Holmes Drive,PM PEAK,18842,-33.95490646,151.1586761,0000-00-00 00:00:00,0000-00-00 00:00:00
181,Arncliffe,Marsh Street,ALL DAYS,57089,-33.934475,151.15831,0000-00-00 00:00:00,0000-00-00 00:00:00
182,Arncliffe,Marsh Street,AM PEAK,15516,-33.934475,151.15831,0000-00-00 00:00:00,0000-00-00 00:00:00
183,Arncliffe,Marsh Street,OFF PEAK,31026,-33.934475,151.15831,0000-00-00 00:00:00,0000-00-00 00:00:00
184,Arncliffe,Marsh Street,PM PEAK,12771,-33.934475,151.15831,0000-00-00 00:00:00,0000-00-00 00:00:00
185,Wiley Park,King Georges Road,ALL DAYS,66643,-33.922554,151.068237,0000-00-00 00:00:00,0000-00-00 00:00:00
186,Wiley Park,King Georges Road,AM PEAK,9819,-33.922554,151.068237,0000-00-00 00:00:00,0000-00-00 00:00:00
187,Wiley Park,King Georges Road,OFF PEAK,39343,-33.922554,151.068237,0000-00-00 00:00:00,0000-00-00 00:00:00
188,Wiley Park,King Georges Road,PM PEAK,15712,-33.922554,151.068237,0000-00-00 00:00:00,0000-00-00 00:00:00
189,Roselands,Canterbury Road,ALL DAYS,41024,-33.928268,151.077286,0000-00-00 00:00:00,0000-00-00 00:00:00
190,Roselands,Canterbury Road,AM PEAK,9699,-33.928268,151.077286,0000-00-00 00:00:00,0000-00-00 00:00:00
191,Roselands,Canterbury Road,OFF PEAK,22089,-33.928268,151.077286,0000-00-00 00:00:00,0000-00-00 00:00:00
192,Roselands,Canterbury Road,PM PEAK,10348,-33.928268,151.077286,0000-00-00 00:00:00,0000-00-00 00:00:00
193,Roselands,King Georges Road,ALL DAYS,74384,-33.934917,151.0737,0000-00-00 00:00:00,0000-00-00 00:00:00
194,Roselands,King Georges Road,AM PEAK,16342,-33.934917,151.0737,0000-00-00 00:00:00,0000-00-00 00:00:00
195,Roselands,King Georges Road,OFF PEAK,40854,-33.934917,151.0737,0000-00-00 00:00:00,0000-00-00 00:00:00
196,Roselands,King Georges Road,PM PEAK,17792,-33.934917,151.0737,0000-00-00 00:00:00,0000-00-00 00:00:00
197,Kingsgrove,Bexley Road,ALL DAYS,34263,-33.935444,151.111282,0000-00-00 00:00:00,0000-00-00 00:00:00
198,Kingsgrove,Bexley Road,AM PEAK,8470,-33.935444,151.111282,0000-00-00 00:00:00,0000-00-00 00:00:00
199,Kingsgrove,Bexley Road,OFF PEAK,16560,-33.935444,151.111282,0000-00-00 00:00:00,0000-00-00 00:00:00
200,Kingsgrove,Bexley Road,PM PEAK,10154,-33.935444,151.111282,0000-00-00 00:00:00,0000-00-00 00:00:00
201,Summer Hill,Liverpool Road,ALL DAYS,23684,-33.889008,151.133102,0000-00-00 00:00:00,0000-00-00 00:00:00
202,Summer Hill,Liverpool Road,AM PEAK,5859,-33.889008,151.133102,0000-00-00 00:00:00,0000-00-00 00:00:00
203,Summer Hill,Liverpool Road,OFF PEAK,11645,-33.889008,151.133102,0000-00-00 00:00:00,0000-00-00 00:00:00
204,Summer Hill,Liverpool Road,PM PEAK,7014,-33.889008,151.133102,0000-00-00 00:00:00,0000-00-00 00:00:00
205,Homebush West,Centenary Drive,ALL DAYS,95423,-33.86327,151.066605,0000-00-00 00:00:00,0000-00-00 00:00:00
206,Homebush West,Centenary Drive,AM PEAK,22775,-33.86327,151.066605,0000-00-00 00:00:00,0000-00-00 00:00:00
207,Homebush West,Centenary Drive,OFF PEAK,52959,-33.86327,151.066605,0000-00-00 00:00:00,0000-00-00 00:00:00
208,Homebush West,Centenary Drive,PM PEAK,21452,-33.86327,151.066605,0000-00-00 00:00:00,0000-00-00 00:00:00
209,Strathfield South,Liverpool Road,ALL DAYS,53342,-33.887241,151.073135,0000-00-00 00:00:00,0000-00-00 00:00:00
210,Strathfield South,Liverpool Road,AM PEAK,13615,-33.887241,151.073135,0000-00-00 00:00:00,0000-00-00 00:00:00
211,Strathfield South,Liverpool Road,OFF PEAK,27016,-33.887241,151.073135,0000-00-00 00:00:00,0000-00-00 00:00:00
212,Strathfield South,Liverpool Road,PM PEAK,15236,-33.887241,151.073135,0000-00-00 00:00:00,0000-00-00 00:00:00
213,Rhodes,Concord Road,ALL DAYS,93615,-33.824696,151.093216,0000-00-00 00:00:00,0000-00-00 00:00:00
214,Rhodes,Concord Road,AM PEAK,22525,-33.824696,151.093216,0000-00-00 00:00:00,0000-00-00 00:00:00
215,Rhodes,Concord Road,OFF PEAK,48759,-33.824696,151.093216,0000-00-00 00:00:00,0000-00-00 00:00:00
216,Rhodes,Concord Road,PM PEAK,25198,-33.824696,151.093216,0000-00-00 00:00:00,0000-00-00 00:00:00
217,Five Dock,Parramatta Road,ALL DAYS,80405,-33.869789,151.112778,0000-00-00 00:00:00,0000-00-00 00:00:00
218,Five Dock,Parramatta Road,AM PEAK,17191,-33.869789,151.112778,0000-00-00 00:00:00,0000-00-00 00:00:00
219,Five Dock,Parramatta Road,OFF PEAK,38081,-33.869789,151.112778,0000-00-00 00:00:00,0000-00-00 00:00:00
220,Five Dock,Parramatta Road,PM PEAK,16144,-33.869789,151.112778,0000-00-00 00:00:00,0000-00-00 00:00:00
221,Lane Cove,Epping Road,ALL DAYS,39449,-33.812298,151.170197,0000-00-00 00:00:00,0000-00-00 00:00:00
222,Lane Cove,Epping Road,AM PEAK,9092,-33.812298,151.170197,0000-00-00 00:00:00,0000-00-00 00:00:00
223,Lane Cove,Epping Road,OFF PEAK,21384,-33.812298,151.170197,0000-00-00 00:00:00,0000-00-00 00:00:00
224,Lane Cove,Epping Road,PM PEAK,10182,-33.812298,151.170197,0000-00-00 00:00:00,0000-00-00 00:00:00
225,Lane Cove West,Burns Bay Road,ALL DAYS,39785,-33.821175,151.149902,0000-00-00 00:00:00,0000-00-00 00:00:00
226,Lane Cove West,Burns Bay Road,AM PEAK,11436,-33.821175,151.149902,0000-00-00 00:00:00,0000-00-00 00:00:00
227,Lane Cove West,Burns Bay Road,OFF PEAK,19204,-33.821175,151.149902,0000-00-00 00:00:00,0000-00-00 00:00:00
228,Lane Cove West,Burns Bay Road,PM PEAK,12095,-33.821175,151.149902,0000-00-00 00:00:00,0000-00-00 00:00:00
229,Lane Cove North,Pacific Highway,ALL DAYS,61721,-33.806141,151.17952,0000-00-00 00:00:00,0000-00-00 00:00:00
230,Lane Cove North,Pacific Highway,AM PEAK,15333,-33.806141,151.17952,0000-00-00 00:00:00,0000-00-00 00:00:00
231,Lane Cove North,Pacific Highway,OFF PEAK,32665,-33.806141,151.17952,0000-00-00 00:00:00,0000-00-00 00:00:00
232,Lane Cove North,Pacific Highway,PM PEAK,15363,-33.806141,151.17952,0000-00-00 00:00:00,0000-00-00 00:00:00
233,Castlecrag,Eastern Valley Way,ALL DAYS,34591,-33.799751,151.210465,0000-00-00 00:00:00,0000-00-00 00:00:00
234,Castlecrag,Eastern Valley Way,AM PEAK,8943,-33.799751,151.210465,0000-00-00 00:00:00,0000-00-00 00:00:00
235,Castlecrag,Eastern Valley Way,OFF PEAK,14240,-33.799751,151.210465,0000-00-00 00:00:00,0000-00-00 00:00:00
236,Castlecrag,Eastern Valley Way,PM PEAK,9577,-33.799751,151.210465,0000-00-00 00:00:00,0000-00-00 00:00:00
237,Chatswood,Penshurst Street,ALL DAYS,28812,-33.788738,151.193848,0000-00-00 00:00:00,0000-00-00 00:00:00
238,Chatswood,Penshurst Street,AM PEAK,8943,-33.788738,151.193848,0000-00-00 00:00:00,0000-00-00 00:00:00
239,Chatswood,Penshurst Street,OFF PEAK,13955,-33.788738,151.193848,0000-00-00 00:00:00,0000-00-00 00:00:00
240,Chatswood,Penshurst Street,PM PEAK,7696,-33.788738,151.193848,0000-00-00 00:00:00,0000-00-00 00:00:00
241,Willoughby,Willoughby Road,ALL DAYS,35509,-33.811386,151.199509,0000-00-00 00:00:00,0000-00-00 00:00:00
242,Willoughby,Willoughby Road,AM PEAK,10557,-33.811386,151.199509,0000-00-00 00:00:00,0000-00-00 00:00:00
243,Willoughby,Willoughby Road,OFF PEAK,16523,-33.811386,151.199509,0000-00-00 00:00:00,0000-00-00 00:00:00
244,Willoughby,Willoughby Road,PM PEAK,10344,-33.811386,151.199509,0000-00-00 00:00:00,0000-00-00 00:00:00
245,Taren Point,Taren Point Road,ALL DAYS,57578,-34.011719,151.126007,0000-00-00 00:00:00,0000-00-00 00:00:00
246,Taren Point,Taren Point Road,AM PEAK,15899,-34.011719,151.126007,0000-00-00 00:00:00,0000-00-00 00:00:00
247,Taren Point,Taren Point Road,OFF PEAK,27275,-34.011719,151.126007,0000-00-00 00:00:00,0000-00-00 00:00:00
248,Taren Point,Taren Point Road,PM PEAK,18062,-34.011719,151.126007,0000-00-00 00:00:00,0000-00-00 00:00:00
249,Loftus,Princes Highway,ALL DAYS,57373,-34.054104,151.046188,0000-00-00 00:00:00,0000-00-00 00:00:00
250,Loftus,Princes Highway,AM PEAK,16016,-34.054104,151.046188,0000-00-00 00:00:00,0000-00-00 00:00:00
251,Loftus,Princes Highway,OFF PEAK,24877,-34.054104,151.046188,0000-00-00 00:00:00,0000-00-00 00:00:00
252,Loftus,Princes Highway,PM PEAK,17571,-34.054104,151.046188,0000-00-00 00:00:00,0000-00-00 00:00:00
253,Engadine,Heathcote Road,ALL DAYS,22851,-34.072643,151.000855,0000-00-00 00:00:00,0000-00-00 00:00:00
254,Engadine,Heathcote Road,AM PEAK,5982,-34.072643,151.000855,0000-00-00 00:00:00,0000-00-00 00:00:00
255,Engadine,Heathcote Road,OFF PEAK,10720,-34.072643,151.000855,0000-00-00 00:00:00,0000-00-00 00:00:00
256,Engadine,Heathcote Road,PM PEAK,6909,-34.072643,151.000855,0000-00-00 00:00:00,0000-00-00 00:00:00
257,Padstow Heights,Alfords Point Road,ALL DAYS,43920,-33.977142,151.030533,0000-00-00 00:00:00,0000-00-00 00:00:00
258,Padstow Heights,Alfords Point Road,AM PEAK,10824,-33.977142,151.030533,0000-00-00 00:00:00,0000-00-00 00:00:00
259,Padstow Heights,Alfords Point Road,OFF PEAK,19584,-33.977142,151.030533,0000-00-00 00:00:00,0000-00-00 00:00:00
260,Padstow Heights,Alfords Point Road,PM PEAK,6478,-33.977142,151.030533,0000-00-00 00:00:00,0000-00-00 00:00:00
261,Padstow,Henry Lawson Drive,ALL DAYS,38488,-33.963131,151.04187,0000-00-00 00:00:00,0000-00-00 00:00:00
262,Padstow,Henry Lawson Drive,AM PEAK,11402,-33.963131,151.04187,0000-00-00 00:00:00,0000-00-00 00:00:00
263,Padstow,Henry Lawson Drive,OFF PEAK,15541,-33.963131,151.04187,0000-00-00 00:00:00,0000-00-00 00:00:00
264,Padstow,Henry Lawson Drive,PM PEAK,13313,-33.963131,151.04187,0000-00-00 00:00:00,0000-00-00 00:00:00
265,Regents Park,Joseph Street,ALL DAYS,61424,-33.88764954,151.0394897,0000-00-00 00:00:00,0000-00-00 00:00:00
266,Regents Park,Joseph Street,AM PEAK,17299,-33.88764954,151.0394897,0000-00-00 00:00:00,0000-00-00 00:00:00
267,Regents Park,Joseph Street,OFF PEAK,30526,-33.88764954,151.0394897,0000-00-00 00:00:00,0000-00-00 00:00:00
268,Regents Park,Joseph Street,PM PEAK,18410,-33.88764954,151.0394897,0000-00-00 00:00:00,0000-00-00 00:00:00
269,Bankstown,Fairford Road,ALL DAYS,54706,-33.926025,151.038132,0000-00-00 00:00:00,0000-00-00 00:00:00
270,Bankstown,Fairford Road,AM PEAK,13264,-33.926025,151.038132,0000-00-00 00:00:00,0000-00-00 00:00:00
271,Bankstown,Fairford Road,OFF PEAK,29089,-33.926025,151.038132,0000-00-00 00:00:00,0000-00-00 00:00:00
272,Bankstown,Fairford Road,PM PEAK,16391,-33.926025,151.038132,0000-00-00 00:00:00,0000-00-00 00:00:00
273,Greenacre,Hume Highway,ALL DAYS,54099,-33.90515137,151.0413513,0000-00-00 00:00:00,0000-00-00 00:00:00
274,Greenacre,Hume Highway,AM PEAK,12820,-33.90515137,151.0413513,0000-00-00 00:00:00,0000-00-00 00:00:00
275,Greenacre,Hume Highway,OFF PEAK,29878,-33.90515137,151.0413513,0000-00-00 00:00:00,0000-00-00 00:00:00
276,Greenacre,Hume Highway,PM PEAK,12900,-33.90515137,151.0413513,0000-00-00 00:00:00,0000-00-00 00:00:00
277,Padstow,Davies Road,ALL DAYS,40536,-33.961929,151.037201,0000-00-00 00:00:00,0000-00-00 00:00:00
278,Padstow,Davies Road,AM PEAK,11635,-33.961929,151.037201,0000-00-00 00:00:00,0000-00-00 00:00:00
279,Padstow,Davies Road,OFF PEAK,18656,-33.961929,151.037201,0000-00-00 00:00:00,0000-00-00 00:00:00
280,Padstow,Davies Road,PM PEAK,12068,-33.961929,151.037201,0000-00-00 00:00:00,0000-00-00 00:00:00
281,Villawood,Hume Highway,ALL DAYS,50143,-33.88992691,150.973999,0000-00-00 00:00:00,0000-00-00 00:00:00
282,Villawood,Hume Highway,AM PEAK,12300,-33.88992691,150.973999,0000-00-00 00:00:00,0000-00-00 00:00:00
283,Villawood,Hume Highway,OFF PEAK,25774,-33.88992691,150.973999,0000-00-00 00:00:00,0000-00-00 00:00:00
284,Villawood,Hume Highway,PM PEAK,13960,-33.88992691,150.973999,0000-00-00 00:00:00,0000-00-00 00:00:00
285,Lansvale,Hume Highway,ALL DAYS,62666,-33.89113235,150.9658966,0000-00-00 00:00:00,0000-00-00 00:00:00
286,Lansvale,Hume Highway,AM PEAK,15091,-33.89113235,150.9658966,0000-00-00 00:00:00,0000-00-00 00:00:00
287,Lansvale,Hume Highway,OFF PEAK,32264,-33.89113235,150.9658966,0000-00-00 00:00:00,0000-00-00 00:00:00
288,Lansvale,Hume Highway,PM PEAK,17528,-33.89113235,150.9658966,0000-00-00 00:00:00,0000-00-00 00:00:00
289,Auburn,Parramatta Road,ALL DAYS,32280,-33.83889,151.029022,0000-00-00 00:00:00,0000-00-00 00:00:00
290,Auburn,Parramatta Road,AM PEAK,6409,-33.83889,151.029022,0000-00-00 00:00:00,0000-00-00 00:00:00
291,Auburn,Parramatta Road,OFF PEAK,18869,-33.83889,151.029022,0000-00-00 00:00:00,0000-00-00 00:00:00
292,Auburn,Parramatta Road,PM PEAK,8124,-33.83889,151.029022,0000-00-00 00:00:00,0000-00-00 00:00:00
293,Rydalmere,Silverwater Road,ALL DAYS,64247,-33.823917,151.051331,0000-00-00 00:00:00,0000-00-00 00:00:00
294,Rydalmere,Silverwater Road,AM PEAK,18909,-33.823917,151.051331,0000-00-00 00:00:00,0000-00-00 00:00:00
295,Rydalmere,Silverwater Road,OFF PEAK,29954,-33.823917,151.051331,0000-00-00 00:00:00,0000-00-00 00:00:00
296,Rydalmere,Silverwater Road,PM PEAK,19966,-33.823917,151.051331,0000-00-00 00:00:00,0000-00-00 00:00:00
297,Parramatta,Victoria Road,ALL DAYS,57243,-33.809143,151.025696,0000-00-00 00:00:00,0000-00-00 00:00:00
298,Parramatta,Victoria Road,AM PEAK,16754,-33.809143,151.025696,0000-00-00 00:00:00,0000-00-00 00:00:00
299,Parramatta,Victoria Road,OFF PEAK,29285,-33.809143,151.025696,0000-00-00 00:00:00,0000-00-00 00:00:00
300,Parramatta,Victoria Road,PM PEAK,17654,-33.809143,151.025696,0000-00-00 00:00:00,0000-00-00 00:00:00
301,Carlingford,Marsden Road,ALL DAYS,27301,-33.78928,151.062759,0000-00-00 00:00:00,0000-00-00 00:00:00
302,Carlingford,Marsden Road,AM PEAK,7081,-33.78928,151.062759,0000-00-00 00:00:00,0000-00-00 00:00:00
303,Carlingford,Marsden Road,OFF PEAK,13685,-33.78928,151.062759,0000-00-00 00:00:00,0000-00-00 00:00:00
304,Carlingford,Marsden Road,PM PEAK,7118,-33.78928,151.062759,0000-00-00 00:00:00,0000-00-00 00:00:00
305,Ermington,Silverwater Road,ALL DAYS,29395,-33.807297,151.053345,0000-00-00 00:00:00,0000-00-00 00:00:00
306,Ermington,Silverwater Road,AM PEAK,6617,-33.807297,151.053345,0000-00-00 00:00:00,0000-00-00 00:00:00
307,Ermington,Silverwater Road,OFF PEAK,11903,-33.807297,151.053345,0000-00-00 00:00:00,0000-00-00 00:00:00
308,Ermington,Silverwater Road,PM PEAK,9816,-33.807297,151.053345,0000-00-00 00:00:00,0000-00-00 00:00:00
309,North Parramatta,Church Street,ALL DAYS,31580,-33.794579,151.000626,0000-00-00 00:00:00,0000-00-00 00:00:00
310,North Parramatta,Church Street,AM PEAK,8114,-33.794579,151.000626,0000-00-00 00:00:00,0000-00-00 00:00:00
311,North Parramatta,Church Street,OFF PEAK,16075,-33.794579,151.000626,0000-00-00 00:00:00,0000-00-00 00:00:00
312,North Parramatta,Church Street,PM PEAK,9294,-33.794579,151.000626,0000-00-00 00:00:00,0000-00-00 00:00:00
313,Ryde,Victoria Road,ALL DAYS,58366,-33.81551,151.101105,0000-00-00 00:00:00,0000-00-00 00:00:00
314,Ryde,Victoria Road,AM PEAK,15902,-33.81551,151.101105,0000-00-00 00:00:00,0000-00-00 00:00:00
315,Ryde,Victoria Road,OFF PEAK,29701,-33.81551,151.101105,0000-00-00 00:00:00,0000-00-00 00:00:00
316,Ryde,Victoria Road,PM PEAK,15997,-33.81551,151.101105,0000-00-00 00:00:00,0000-00-00 00:00:00
317,North Ryde,Epping Road,ALL DAYS,50779,-33.798531,151.138992,0000-00-00 00:00:00,0000-00-00 00:00:00
318,North Ryde,Epping Road,AM PEAK,13048,-33.798531,151.138992,0000-00-00 00:00:00,0000-00-00 00:00:00
319,North Ryde,Epping Road,OFF PEAK,25138,-33.798531,151.138992,0000-00-00 00:00:00,0000-00-00 00:00:00
320,North Ryde,Epping Road,PM PEAK,15289,-33.798531,151.138992,0000-00-00 00:00:00,0000-00-00 00:00:00
321,Gordon,Pacific Highway,ALL DAYS,50155,-33.75317,151.151077,0000-00-00 00:00:00,0000-00-00 00:00:00
322,Gordon,Pacific Highway,AM PEAK,13774,-33.75317,151.151077,0000-00-00 00:00:00,0000-00-00 00:00:00
323,Gordon,Pacific Highway,OFF PEAK,25068,-33.75317,151.151077,0000-00-00 00:00:00,0000-00-00 00:00:00
324,Gordon,Pacific Highway,PM PEAK,13125,-33.75317,151.151077,0000-00-00 00:00:00,0000-00-00 00:00:00
325,St Ives,Eastern Arterial Road,ALL DAYS,14937,-33.75,151.1734161,0000-00-00 00:00:00,0000-00-00 00:00:00
326,St Ives,Eastern Arterial Road,AM PEAK,3903,-33.75,151.1734161,0000-00-00 00:00:00,0000-00-00 00:00:00
327,St Ives,Eastern Arterial Road,OFF PEAK,6923,-33.75,151.1734161,0000-00-00 00:00:00,0000-00-00 00:00:00
328,St Ives,Eastern Arterial Road,PM PEAK,4905,-33.75,151.1734161,0000-00-00 00:00:00,0000-00-00 00:00:00
329,Killara,Pacific Highway,ALL DAYS,46497,-33.761337,151.154983,0000-00-00 00:00:00,0000-00-00 00:00:00
330,Killara,Pacific Highway,AM PEAK,12304,-33.761337,151.154983,0000-00-00 00:00:00,0000-00-00 00:00:00
331,Killara,Pacific Highway,OFF PEAK,23682,-33.761337,151.154983,0000-00-00 00:00:00,0000-00-00 00:00:00
332,Killara,Pacific Highway,PM PEAK,12074,-33.761337,151.154983,0000-00-00 00:00:00,0000-00-00 00:00:00
333,Wahroonga,Pacific Highway,ALL DAYS,61415,-33.718727,151.110672,0000-00-00 00:00:00,0000-00-00 00:00:00
334,Wahroonga,Pacific Highway,AM PEAK,15708,-33.718727,151.110672,0000-00-00 00:00:00,0000-00-00 00:00:00
335,Wahroonga,Pacific Highway,OFF PEAK,30427,-33.718727,151.110672,0000-00-00 00:00:00,0000-00-00 00:00:00
336,Wahroonga,Pacific Highway,PM PEAK,15793,-33.718727,151.110672,0000-00-00 00:00:00,0000-00-00 00:00:00
337,North Narrabeen,Pittwater Road,ALL DAYS,58526,-33.706745,151.297028,0000-00-00 00:00:00,0000-00-00 00:00:00
338,North Narrabeen,Pittwater Road,AM PEAK,15159,-33.706745,151.297028,0000-00-00 00:00:00,0000-00-00 00:00:00
339,North Narrabeen,Pittwater Road,OFF PEAK,27919,-33.706745,151.297028,0000-00-00 00:00:00,0000-00-00 00:00:00
340,North Narrabeen,Pittwater Road,PM PEAK,18059,-33.706745,151.297028,0000-00-00 00:00:00,0000-00-00 00:00:00
341,Beacon Hill,Warringah Road,ALL DAYS,54781,-33.753216,151.257523,0000-00-00 00:00:00,0000-00-00 00:00:00
342,Beacon Hill,Warringah Road,AM PEAK,14953,-33.753216,151.257523,0000-00-00 00:00:00,0000-00-00 00:00:00
343,Beacon Hill,Warringah Road,OFF PEAK,25605,-33.753216,151.257523,0000-00-00 00:00:00,0000-00-00 00:00:00
344,Beacon Hill,Warringah Road,PM PEAK,16971,-33.753216,151.257523,0000-00-00 00:00:00,0000-00-00 00:00:00
345,Beacon Hill,Warringah Road,ALL DAYS,48463,-33.753262,151.257889,0000-00-00 00:00:00,0000-00-00 00:00:00
346,Belrose,Mona Vale Road,ALL DAYS,52629,-33.701229,151.211594,0000-00-00 00:00:00,0000-00-00 00:00:00
347,Belrose,Mona Vale Road,AM PEAK,15332,-33.701229,151.211594,0000-00-00 00:00:00,0000-00-00 00:00:00
348,Belrose,Mona Vale Road,OFF PEAK,23128,-33.701229,151.211594,0000-00-00 00:00:00,0000-00-00 00:00:00
349,Belrose,Mona Vale Road,PM PEAK,16192,-33.701229,151.211594,0000-00-00 00:00:00,0000-00-00 00:00:00
350,Ingleside,Mona Vale Road,ALL DAYS,33718,-33.686592,151.256943,0000-00-00 00:00:00,0000-00-00 00:00:00
351,Ingleside,Mona Vale Road,AM PEAK,9801,-33.686592,151.256943,0000-00-00 00:00:00,0000-00-00 00:00:00
352,Ingleside,Mona Vale Road,OFF PEAK,15249,-33.686592,151.256943,0000-00-00 00:00:00,0000-00-00 00:00:00
353,Ingleside,Mona Vale Road,PM PEAK,10343,-33.686592,151.256943,0000-00-00 00:00:00,0000-00-00 00:00:00
354,Belrose,Forest Way,ALL DAYS,38822,-33.725773,151.219788,0000-00-00 00:00:00,0000-00-00 00:00:00
355,Belrose,Forest Way,AM PEAK,10966,-33.725773,151.219788,0000-00-00 00:00:00,0000-00-00 00:00:00
356,Belrose,Forest Way,OFF PEAK,19361,-33.725773,151.219788,0000-00-00 00:00:00,0000-00-00 00:00:00
357,Belrose,Forest Way,PM PEAK,10827,-33.725773,151.219788,0000-00-00 00:00:00,0000-00-00 00:00:00
358,Liverpool,Hume Highway,ALL DAYS,72269,-33.937553,150.913849,0000-00-00 00:00:00,0000-00-00 00:00:00
359,Liverpool,Hume Highway,AM PEAK,17156,-33.937553,150.913849,0000-00-00 00:00:00,0000-00-00 00:00:00
360,Liverpool,Hume Highway,OFF PEAK,37142,-33.937553,150.913849,0000-00-00 00:00:00,0000-00-00 00:00:00
361,Liverpool,Hume Highway,PM PEAK,20652,-33.937553,150.913849,0000-00-00 00:00:00,0000-00-00 00:00:00
362,Liverpool,Elizabeth Drive,ALL DAYS,45393,-33.914284,150.907883,0000-00-00 00:00:00,0000-00-00 00:00:00
363,Liverpool,Elizabeth Drive,AM PEAK,10748,-33.914284,150.907883,0000-00-00 00:00:00,0000-00-00 00:00:00
364,Liverpool,Elizabeth Drive,OFF PEAK,23086,-33.914284,150.907883,0000-00-00 00:00:00,0000-00-00 00:00:00
365,Liverpool,Elizabeth Drive,PM PEAK,13794,-33.914284,150.907883,0000-00-00 00:00:00,0000-00-00 00:00:00
366,Meadow Flat,Great Western Highway,ALL DAYS,8487,-33.437302,149.929047,0000-00-00 00:00:00,0000-00-00 00:00:00
367,Meadow Flat,Great Western Highway,AM PEAK,1815,-33.437302,149.929047,0000-00-00 00:00:00,0000-00-00 00:00:00
368,Meadow Flat,Great Western Highway,OFF PEAK,4160,-33.437302,149.929047,0000-00-00 00:00:00,0000-00-00 00:00:00
369,Meadow Flat,Great Western Highway,PM PEAK,2316,-33.437302,149.929047,0000-00-00 00:00:00,0000-00-00 00:00:00
370,Raglan,Sydney Road,ALL DAYS,9624,-33.424236,149.665482,0000-00-00 00:00:00,0000-00-00 00:00:00
371,Raglan,Sydney Road,AM PEAK,2174,-33.424236,149.665482,0000-00-00 00:00:00,0000-00-00 00:00:00
372,Raglan,Sydney Road,OFF PEAK,4701,-33.424236,149.665482,0000-00-00 00:00:00,0000-00-00 00:00:00
373,Raglan,Sydney Road,PM PEAK,2698,-33.424236,149.665482,0000-00-00 00:00:00,0000-00-00 00:00:00
374,Woodburn,Pacific Highway,ALL DAYS,9958,-29.066118,153.360901,0000-00-00 00:00:00,0000-00-00 00:00:00
375,Woodburn,Pacific Highway,AM PEAK,1901,-29.066118,153.360901,0000-00-00 00:00:00,0000-00-00 00:00:00
376,Woodburn,Pacific Highway,OFF PEAK,5742,-29.066118,153.360901,0000-00-00 00:00:00,0000-00-00 00:00:00
377,Woodburn,Pacific Highway,PM PEAK,2366,-29.066118,153.360901,0000-00-00 00:00:00,0000-00-00 00:00:00
378,Wardell,Pacific Highway,ALL DAYS,12554,-28.952976,153.464539,0000-00-00 00:00:00,0000-00-00 00:00:00
379,Wardell,Pacific Highway,AM PEAK,2653,-28.952976,153.464539,0000-00-00 00:00:00,0000-00-00 00:00:00
380,Wardell,Pacific Highway,OFF PEAK,6922,-28.952976,153.464539,0000-00-00 00:00:00,0000-00-00 00:00:00
381,Wardell,Pacific Highway,PM PEAK,3158,-28.952976,153.464539,0000-00-00 00:00:00,0000-00-00 00:00:00
382,Nabiac,Pacific Highway,ALL DAYS,18121,-32.088028,152.405975,0000-00-00 00:00:00,0000-00-00 00:00:00
383,Nabiac,Pacific Highway,AM PEAK,3689,-32.088028,152.405975,0000-00-00 00:00:00,0000-00-00 00:00:00
384,Nabiac,Pacific Highway,OFF PEAK,9784,-32.088028,152.405975,0000-00-00 00:00:00,0000-00-00 00:00:00
385,Nabiac,Pacific Highway,PM PEAK,4471,-32.088028,152.405975,0000-00-00 00:00:00,0000-00-00 00:00:00
386,Kiwarrak,Pacific Highway,ALL DAYS,21653,-31.968466,152.463989,0000-00-00 00:00:00,0000-00-00 00:00:00
387,Kiwarrak,Pacific Highway,AM PEAK,4972,-31.968466,152.463989,0000-00-00 00:00:00,0000-00-00 00:00:00
388,Kiwarrak,Pacific Highway,OFF PEAK,11518,-31.968466,152.463989,0000-00-00 00:00:00,0000-00-00 00:00:00
389,Kiwarrak,Pacific Highway,PM PEAK,5809,-31.968466,152.463989,0000-00-00 00:00:00,0000-00-00 00:00:00
390,Lake Innes,Pacific Highway,ALL DAYS,16272,-31.515654,152.794846,0000-00-00 00:00:00,0000-00-00 00:00:00
391,Lake Innes,Pacific Highway,AM PEAK,3831,-31.515654,152.794846,0000-00-00 00:00:00,0000-00-00 00:00:00
392,Lake Innes,Pacific Highway,OFF PEAK,8490,-31.515654,152.794846,0000-00-00 00:00:00,0000-00-00 00:00:00
393,Lake Innes,Pacific Highway,PM PEAK,4399,-31.515654,152.794846,0000-00-00 00:00:00,0000-00-00 00:00:00
394,Inverell,Gwydir Highway,ALL DAYS,1446,-29.777054,151.170212,0000-00-00 00:00:00,0000-00-00 00:00:00
395,Inverell,Gwydir Highway,AM PEAK,355,-29.777054,151.170212,0000-00-00 00:00:00,0000-00-00 00:00:00
396,Inverell,Gwydir Highway,OFF PEAK,764,-29.777054,151.170212,0000-00-00 00:00:00,0000-00-00 00:00:00
397,Inverell,Gwydir Highway,PM PEAK,428,-29.777054,151.170212,0000-00-00 00:00:00,0000-00-00 00:00:00
398,Bowning,Hume Highway,ALL DAYS,15704,-34.791008,148.86348,0000-00-00 00:00:00,0000-00-00 00:00:00
399,Bowning,Hume Highway,AM PEAK,2676,-34.791008,148.86348,0000-00-00 00:00:00,0000-00-00 00:00:00
400,Bowning,Hume Highway,OFF PEAK,8855,-34.791008,148.86348,0000-00-00 00:00:00,0000-00-00 00:00:00
401,Bowning,Hume Highway,PM PEAK,4113,-34.791008,148.86348,0000-00-00 00:00:00,0000-00-00 00:00:00
402,Forbes,Newell Highway,ALL DAYS,2533,-33.410191,147.969162,0000-00-00 00:00:00,0000-00-00 00:00:00
403,Forbes,Newell Highway,AM PEAK,539,-33.410191,147.969162,0000-00-00 00:00:00,0000-00-00 00:00:00
404,Forbes,Newell Highway,OFF PEAK,1393,-33.410191,147.969162,0000-00-00 00:00:00,0000-00-00 00:00:00
405,Forbes,Newell Highway,PM PEAK,666,-33.410191,147.969162,0000-00-00 00:00:00,0000-00-00 00:00:00
406,Wyalong,Newell Highway,ALL DAYS,2143,-33.924194,147.258545,0000-00-00 00:00:00,0000-00-00 00:00:00
407,Wyalong,Newell Highway,AM PEAK,430,-33.924194,147.258545,0000-00-00 00:00:00,0000-00-00 00:00:00
408,Wyalong,Newell Highway,OFF PEAK,1215,-33.924194,147.258545,0000-00-00 00:00:00,0000-00-00 00:00:00
409,Wyalong,Newell Highway,PM PEAK,537,-33.924194,147.258545,0000-00-00 00:00:00,0000-00-00 00:00:00
410,Forbes,Newell Highway,ALL DAYS,2532,-33.410091,147.969513,0000-00-00 00:00:00,0000-00-00 00:00:00
411,Forbes,Newell Highway,AM PEAK,533,-33.410091,147.969513,0000-00-00 00:00:00,0000-00-00 00:00:00
412,Forbes,Newell Highway,OFF PEAK,1392,-33.410091,147.969513,0000-00-00 00:00:00,0000-00-00 00:00:00
413,Forbes,Newell Highway,PM PEAK,669,-33.410091,147.969513,0000-00-00 00:00:00,0000-00-00 00:00:00
414,Eumungerie,Newell Highway,ALL DAYS,2810,-31.995474,148.579636,0000-00-00 00:00:00,0000-00-00 00:00:00
415,Eumungerie,Newell Highway,AM PEAK,694,-31.995474,148.579636,0000-00-00 00:00:00,0000-00-00 00:00:00
416,Eumungerie,Newell Highway,OFF PEAK,1465,-31.995474,148.579636,0000-00-00 00:00:00,0000-00-00 00:00:00
417,Eumungerie,Newell Highway,PM PEAK,789,-31.995474,148.579636,0000-00-00 00:00:00,0000-00-00 00:00:00
418,Tomingley,Newell Highway,ALL DAYS,2727,-32.657825,148.199264,0000-00-00 00:00:00,0000-00-00 00:00:00
419,Tomingley,Newell Highway,AM PEAK,631,-32.657825,148.199264,0000-00-00 00:00:00,0000-00-00 00:00:00
420,Tomingley,Newell Highway,OFF PEAK,1437,-32.657825,148.199264,0000-00-00 00:00:00,0000-00-00 00:00:00
421,Tomingley,Newell Highway,PM PEAK,725,-32.657825,148.199264,0000-00-00 00:00:00,0000-00-00 00:00:00
422,Tomingley,Newell Highway,ALL DAYS,2737,-32.657585,148.199356,0000-00-00 00:00:00,0000-00-00 00:00:00
423,Tomingley,Newell Highway,AM PEAK,631,-32.657585,148.199356,0000-00-00 00:00:00,0000-00-00 00:00:00
424,Tomingley,Newell Highway,OFF PEAK,1443,-32.657585,148.199356,0000-00-00 00:00:00,0000-00-00 00:00:00
425,Tomingley,Newell Highway,PM PEAK,725,-32.657585,148.199356,0000-00-00 00:00:00,0000-00-00 00:00:00
426,Rixs Creek,New England Highway,ALL DAYS,13293,-32.532272,151.139435,0000-00-00 00:00:00,0000-00-00 00:00:00
427,Rixs Creek,New England Highway,AM PEAK,3622,-32.532272,151.139435,0000-00-00 00:00:00,0000-00-00 00:00:00
428,Rixs Creek,New England Highway,OFF PEAK,6773,-32.532272,151.139435,0000-00-00 00:00:00,0000-00-00 00:00:00
429,Rixs Creek,New England Highway,PM PEAK,4265,-32.532272,151.139435,0000-00-00 00:00:00,0000-00-00 00:00:00
430,Muswellbrook,New England Highway,ALL DAYS,9171,-32.300934,150.932449,0000-00-00 00:00:00,0000-00-00 00:00:00
431,Muswellbrook,New England Highway,AM PEAK,2276,-32.300934,150.932449,0000-00-00 00:00:00,0000-00-00 00:00:00
432,Muswellbrook,New England Highway,OFF PEAK,4743,-32.300934,150.932449,0000-00-00 00:00:00,0000-00-00 00:00:00
433,Muswellbrook,New England Highway,PM PEAK,2633,-32.300934,150.932449,0000-00-00 00:00:00,0000-00-00 00:00:00
434,Muswellbrook,New England Highway,ALL DAYS,10147,-32.237709,150.903046,0000-00-00 00:00:00,0000-00-00 00:00:00
435,Muswellbrook,New England Highway,AM PEAK,2402,-32.237709,150.903046,0000-00-00 00:00:00,0000-00-00 00:00:00
436,Muswellbrook,New England Highway,OFF PEAK,5325,-32.237709,150.903046,0000-00-00 00:00:00,0000-00-00 00:00:00
437,Muswellbrook,New England Highway,PM PEAK,3037,-32.237709,150.903046,0000-00-00 00:00:00,0000-00-00 00:00:00
438,Aberdeen,New England Highway,ALL DAYS,10151,-32.179447,150.889908,0000-00-00 00:00:00,0000-00-00 00:00:00
439,Aberdeen,New England Highway,AM PEAK,2398,-32.179447,150.889908,0000-00-00 00:00:00,0000-00-00 00:00:00
440,Aberdeen,New England Highway,OFF PEAK,5338,-32.179447,150.889908,0000-00-00 00:00:00,0000-00-00 00:00:00
441,Aberdeen,New England Highway,PM PEAK,3043,-32.179447,150.889908,0000-00-00 00:00:00,0000-00-00 00:00:00
442,Merriwa,Golden Highway,ALL DAYS,2076,-32.155666,150.392487,0000-00-00 00:00:00,0000-00-00 00:00:00
443,Merriwa,Golden Highway,AM PEAK,405,-32.155666,150.392487,0000-00-00 00:00:00,0000-00-00 00:00:00
444,Merriwa,Golden Highway,OFF PEAK,1156,-32.155666,150.392487,0000-00-00 00:00:00,0000-00-00 00:00:00
445,Merriwa,Golden Highway,PM PEAK,540,-32.155666,150.392487,0000-00-00 00:00:00,0000-00-00 00:00:00
446,Sandy Hollow,Merriwa Road,ALL DAYS,2177,-32.327095,150.537567,0000-00-00 00:00:00,0000-00-00 00:00:00
447,Sandy Hollow,Merriwa Road,AM PEAK,424,-32.327095,150.537567,0000-00-00 00:00:00,0000-00-00 00:00:00
448,Sandy Hollow,Merriwa Road,OFF PEAK,1211,-32.327095,150.537567,0000-00-00 00:00:00,0000-00-00 00:00:00
449,Sandy Hollow,Merriwa Road,PM PEAK,566,-32.327095,150.537567,0000-00-00 00:00:00,0000-00-00 00:00:00
450,Gunnedah,Oxley Highway,ALL DAYS,3470,-30.979286,150.307693,0000-00-00 00:00:00,0000-00-00 00:00:00
451,Gunnedah,Oxley Highway,AM PEAK,925,-30.979286,150.307693,0000-00-00 00:00:00,0000-00-00 00:00:00
452,Gunnedah,Oxley Highway,OFF PEAK,1698,-30.979286,150.307693,0000-00-00 00:00:00,0000-00-00 00:00:00
453,Gunnedah,Oxley Highway,PM PEAK,1066,-30.979286,150.307693,0000-00-00 00:00:00,0000-00-00 00:00:00
454,Westdale,Oxley Highway,ALL DAYS,3744,-31.063797,150.833038,0000-00-00 00:00:00,0000-00-00 00:00:00
455,Westdale,Oxley Highway,AM PEAK,962,-31.063797,150.833038,0000-00-00 00:00:00,0000-00-00 00:00:00
456,Westdale,Oxley Highway,OFF PEAK,1873,-31.063797,150.833038,0000-00-00 00:00:00,0000-00-00 00:00:00
457,Westdale,Oxley Highway,PM PEAK,1132,-31.063797,150.833038,0000-00-00 00:00:00,0000-00-00 00:00:00
458,Molong,Mitchell Highway,ALL DAYS,2523,-33.052498,148.862244,0000-00-00 00:00:00,0000-00-00 00:00:00
459,Molong,Mitchell Highway,AM PEAK,576,-33.052498,148.862244,0000-00-00 00:00:00,0000-00-00 00:00:00
460,Molong,Mitchell Highway,OFF PEAK,1286,-33.052498,148.862244,0000-00-00 00:00:00,0000-00-00 00:00:00
461,Molong,Mitchell Highway,PM PEAK,704,-33.052498,148.862244,0000-00-00 00:00:00,0000-00-00 00:00:00
462,Cundumbul,Mitchell Highway,ALL DAYS,2384,-32.829884,148.905258,0000-00-00 00:00:00,0000-00-00 00:00:00
463,Cundumbul,Mitchell Highway,AM PEAK,543,-32.829884,148.905258,0000-00-00 00:00:00,0000-00-00 00:00:00
464,Cundumbul,Mitchell Highway,OFF PEAK,1205,-32.829884,148.905258,0000-00-00 00:00:00,0000-00-00 00:00:00
465,Cundumbul,Mitchell Highway,PM PEAK,657,-32.829884,148.905258,0000-00-00 00:00:00,0000-00-00 00:00:00
466,Cordeaux,Picton Road,ALL DAYS,20093,-34.372967,150.829529,0000-00-00 00:00:00,0000-00-00 00:00:00
467,Cordeaux,Picton Road,AM PEAK,5224,-34.372967,150.829529,0000-00-00 00:00:00,0000-00-00 00:00:00
468,Cordeaux,Picton Road,OFF PEAK,9375,-34.372967,150.829529,0000-00-00 00:00:00,0000-00-00 00:00:00
469,Cordeaux,Picton Road,PM PEAK,5780,-34.372967,150.829529,0000-00-00 00:00:00,0000-00-00 00:00:00
470,Wilton,Picton Road,ALL DAYS,19429,-34.272804,150.714188,0000-00-00 00:00:00,0000-00-00 00:00:00
471,Wilton,Picton Road,AM PEAK,5325,-34.272804,150.714188,0000-00-00 00:00:00,0000-00-00 00:00:00
472,Wilton,Picton Road,OFF PEAK,9123,-34.272804,150.714188,0000-00-00 00:00:00,0000-00-00 00:00:00
473,Wilton,Picton Road,PM PEAK,5839,-34.272804,150.714188,0000-00-00 00:00:00,0000-00-00 00:00:00
474,Mount Victoria,Great Western Highway,ALL DAYS,11337,-33.582989,150.240768,0000-00-00 00:00:00,0000-00-00 00:00:00
475,Mount Victoria,Great Western Highway,AM PEAK,2389,-33.582989,150.240768,0000-00-00 00:00:00,0000-00-00 00:00:00
476,Mount Victoria,Great Western Highway,OFF PEAK,5493,-33.582989,150.240768,0000-00-00 00:00:00,0000-00-00 00:00:00
477,Mount Victoria,Great Western Highway,PM PEAK,2993,-33.582989,150.240768,0000-00-00 00:00:00,0000-00-00 00:00:00
478,Hartley,Great Western Highway,ALL DAYS,8687,-33.530327,150.153626,0000-00-00 00:00:00,0000-00-00 00:00:00
479,Hartley,Great Western Highway,AM PEAK,1733,-33.530327,150.153626,0000-00-00 00:00:00,0000-00-00 00:00:00
480,Hartley,Great Western Highway,OFF PEAK,4191,-33.530327,150.153626,0000-00-00 00:00:00,0000-00-00 00:00:00
481,Hartley,Great Western Highway,PM PEAK,2239,-33.530327,150.153626,0000-00-00 00:00:00,0000-00-00 00:00:00
482,Bective,Oxley Highway,ALL DAYS,3173,-30.984961,150.768204,0000-00-00 00:00:00,0000-00-00 00:00:00
483,Bective,Oxley Highway,AM PEAK,818,-30.984961,150.768204,0000-00-00 00:00:00,0000-00-00 00:00:00
484,Bective,Oxley Highway,OFF PEAK,1599,-30.984961,150.768204,0000-00-00 00:00:00,0000-00-00 00:00:00
485,Bective,Oxley Highway,PM PEAK,962,-30.984961,150.768204,0000-00-00 00:00:00,0000-00-00 00:00:00
486,Casula,Hume Highway,ALL DAYS,50737,-33.956684,150.891098,0000-00-00 00:00:00,0000-00-00 00:00:00
487,Casula,Hume Highway,AM PEAK,11627,-33.956684,150.891098,0000-00-00 00:00:00,0000-00-00 00:00:00
488,Casula,Hume Highway,OFF PEAK,27179,-33.956684,150.891098,0000-00-00 00:00:00,0000-00-00 00:00:00
489,Casula,Hume Highway,PM PEAK,13860,-33.956684,150.891098,0000-00-00 00:00:00,0000-00-00 00:00:00
490,Bonnyrigg,Elizabeth Drive,ALL DAYS,40459,-33.889923,150.883972,0000-00-00 00:00:00,0000-00-00 00:00:00
491,Bonnyrigg,Elizabeth Drive,AM PEAK,10072,-33.889923,150.883972,0000-00-00 00:00:00,0000-00-00 00:00:00
492,Bonnyrigg,Elizabeth Drive,OFF PEAK,19659,-33.889923,150.883972,0000-00-00 00:00:00,0000-00-00 00:00:00
493,Bonnyrigg,Elizabeth Drive,PM PEAK,12281,-33.889923,150.883972,0000-00-00 00:00:00,0000-00-00 00:00:00
494,Fairfield,The Horsley Drive,ALL DAYS,41408,-33.870174,150.96106,0000-00-00 00:00:00,0000-00-00 00:00:00
495,Fairfield,The Horsley Drive,AM PEAK,10622,-33.870174,150.96106,0000-00-00 00:00:00,0000-00-00 00:00:00
496,Fairfield,The Horsley Drive,OFF PEAK,22018,-33.870174,150.96106,0000-00-00 00:00:00,0000-00-00 00:00:00
497,Fairfield,The Horsley Drive,PM PEAK,12475,-33.870174,150.96106,0000-00-00 00:00:00,0000-00-00 00:00:00
498,Smithfield,Warren Road,ALL DAYS,65207,-33.850235,150.944809,0000-00-00 00:00:00,0000-00-00 00:00:00
499,Smithfield,Warren Road,AM PEAK,17294,-33.850235,150.944809,0000-00-00 00:00:00,0000-00-00 00:00:00
500,Smithfield,Warren Road,OFF PEAK,34956,-33.850235,150.944809,0000-00-00 00:00:00,0000-00-00 00:00:00
501,Smithfield,Warren Road,PM PEAK,18220,-33.850235,150.944809,0000-00-00 00:00:00,0000-00-00 00:00:00
502,Fairfield East,Fairfield Street,ALL DAYS,20510,-33.869324,150.963486,0000-00-00 00:00:00,0000-00-00 00:00:00
503,Fairfield East,Fairfield Street,AM PEAK,4853,-33.869324,150.963486,0000-00-00 00:00:00,0000-00-00 00:00:00
504,Fairfield East,Fairfield Street,OFF PEAK,10711,-33.869324,150.963486,0000-00-00 00:00:00,0000-00-00 00:00:00
505,Fairfield East,Fairfield Street,PM PEAK,6191,-33.869324,150.963486,0000-00-00 00:00:00,0000-00-00 00:00:00
506,Seven Hills,Prospect Highway,ALL DAYS,41208,-33.774277,150.935242,0000-00-00 00:00:00,0000-00-00 00:00:00
507,Seven Hills,Prospect Highway,AM PEAK,10621,-33.774277,150.935242,0000-00-00 00:00:00,0000-00-00 00:00:00
508,Seven Hills,Prospect Highway,OFF PEAK,20779,-33.774277,150.935242,0000-00-00 00:00:00,0000-00-00 00:00:00
509,Seven Hills,Prospect Highway,PM PEAK,13476,-33.774277,150.935242,0000-00-00 00:00:00,0000-00-00 00:00:00
510,Blacktown,Sunnyholt Road,ALL DAYS,36181,-33.769943,150.912094,0000-00-00 00:00:00,0000-00-00 00:00:00
511,Blacktown,Sunnyholt Road,AM PEAK,8254,-33.769943,150.912094,0000-00-00 00:00:00,0000-00-00 00:00:00
512,Blacktown,Sunnyholt Road,OFF PEAK,19344,-33.769943,150.912094,0000-00-00 00:00:00,0000-00-00 00:00:00
513,Blacktown,Sunnyholt Road,PM PEAK,9921,-33.769943,150.912094,0000-00-00 00:00:00,0000-00-00 00:00:00
514,Blacktown,Lancaster Street,ALL DAYS,17605,-33.76589203,150.8929749,0000-00-00 00:00:00,0000-00-00 00:00:00
515,Blacktown,Lancaster Street,AM PEAK,4179,-33.76589203,150.8929749,0000-00-00 00:00:00,0000-00-00 00:00:00
516,Blacktown,Lancaster Street,OFF PEAK,8185,-33.76589203,150.8929749,0000-00-00 00:00:00,0000-00-00 00:00:00
517,Blacktown,Lancaster Street,PM PEAK,5894,-33.76589203,150.8929749,0000-00-00 00:00:00,0000-00-00 00:00:00
518,Blacktown,Balmoral Street,ALL DAYS,32437,-33.767948,150.904663,0000-00-00 00:00:00,0000-00-00 00:00:00
519,Blacktown,Balmoral Street,AM PEAK,6586,-33.767948,150.904663,0000-00-00 00:00:00,0000-00-00 00:00:00
520,Blacktown,Balmoral Street,OFF PEAK,16880,-33.767948,150.904663,0000-00-00 00:00:00,0000-00-00 00:00:00
521,Blacktown,Balmoral Street,PM PEAK,9519,-33.767948,150.904663,0000-00-00 00:00:00,0000-00-00 00:00:00
522,Greystanes,Great Western Highway,ALL DAYS,40482,-33.806572,150.932541,0000-00-00 00:00:00,0000-00-00 00:00:00
523,Greystanes,Great Western Highway,AM PEAK,12005,-33.806572,150.932541,0000-00-00 00:00:00,0000-00-00 00:00:00
524,Greystanes,Great Western Highway,OFF PEAK,19611,-33.806572,150.932541,0000-00-00 00:00:00,0000-00-00 00:00:00
525,Greystanes,Great Western Highway,PM PEAK,13246,-33.806572,150.932541,0000-00-00 00:00:00,0000-00-00 00:00:00
526,Rooty Hill,Eastern Road,ALL DAYS,21167,-33.771648,150.857834,0000-00-00 00:00:00,0000-00-00 00:00:00
527,Rooty Hill,Eastern Road,AM PEAK,5337,-33.771648,150.857834,0000-00-00 00:00:00,0000-00-00 00:00:00
528,Rooty Hill,Eastern Road,OFF PEAK,10046,-33.771648,150.857834,0000-00-00 00:00:00,0000-00-00 00:00:00
529,Rooty Hill,Eastern Road,PM PEAK,6647,-33.771648,150.857834,0000-00-00 00:00:00,0000-00-00 00:00:00
530,Rouse Hill,Windsor Road,ALL DAYS,54578,-33.699543,150.928497,0000-00-00 00:00:00,0000-00-00 00:00:00
531,Rouse Hill,Windsor Road,AM PEAK,13658,-33.699543,150.928497,0000-00-00 00:00:00,0000-00-00 00:00:00
532,Rouse Hill,Windsor Road,OFF PEAK,29124,-33.699543,150.928497,0000-00-00 00:00:00,0000-00-00 00:00:00
533,Rouse Hill,Windsor Road,PM PEAK,14264,-33.699543,150.928497,0000-00-00 00:00:00,0000-00-00 00:00:00
534,Campbelltown,Broughton Street,ALL DAYS,26730,-34.066612,150.81958,0000-00-00 00:00:00,0000-00-00 00:00:00
535,Campbelltown,Broughton Street,AM PEAK,6297,-34.066612,150.81958,0000-00-00 00:00:00,0000-00-00 00:00:00
536,Campbelltown,Broughton Street,OFF PEAK,13365,-34.066612,150.81958,0000-00-00 00:00:00,0000-00-00 00:00:00
537,Campbelltown,Broughton Street,PM PEAK,8980,-34.066612,150.81958,0000-00-00 00:00:00,0000-00-00 00:00:00
538,Glendenning,Richmond Road,ALL DAYS,35756,-33.741375,150.866013,0000-00-00 00:00:00,0000-00-00 00:00:00
539,Glendenning,Richmond Road,AM PEAK,9011,-33.741375,150.866013,0000-00-00 00:00:00,0000-00-00 00:00:00
540,Glendenning,Richmond Road,OFF PEAK,17704,-33.741375,150.866013,0000-00-00 00:00:00,0000-00-00 00:00:00
541,Glendenning,Richmond Road,PM PEAK,10533,-33.741375,150.866013,0000-00-00 00:00:00,0000-00-00 00:00:00
542,Mount Druitt,Carlisle Avenue,ALL DAYS,45476,-33.769043,150.816498,0000-00-00 00:00:00,0000-00-00 00:00:00
543,Mount Druitt,Carlisle Avenue,AM PEAK,9612,-33.769043,150.816498,0000-00-00 00:00:00,0000-00-00 00:00:00
544,Mount Druitt,Carlisle Avenue,OFF PEAK,24311,-33.769043,150.816498,0000-00-00 00:00:00,0000-00-00 00:00:00
545,Mount Druitt,Carlisle Avenue,PM PEAK,13525,-33.769043,150.816498,0000-00-00 00:00:00,0000-00-00 00:00:00
546,Wiley Park,Canterbury Road,ALL DAYS,28266,-33.929409,151.072479,0000-00-00 00:00:00,0000-00-00 00:00:00
547,Wiley Park,Canterbury Road,AM PEAK,6009,-33.929409,151.072479,0000-00-00 00:00:00,0000-00-00 00:00:00
548,Wiley Park,Canterbury Road,OFF PEAK,15671,-33.929409,151.072479,0000-00-00 00:00:00,0000-00-00 00:00:00
549,Wiley Park,Canterbury Road,PM PEAK,7074,-33.929409,151.072479,0000-00-00 00:00:00,0000-00-00 00:00:00
550,Merrylands,Hawkesbury Road,ALL DAYS,30873,-33.817974,150.981827,0000-00-00 00:00:00,0000-00-00 00:00:00
551,Merrylands,Hawkesbury Road,AM PEAK,7957,-33.817974,150.981827,0000-00-00 00:00:00,0000-00-00 00:00:00
552,Merrylands,Hawkesbury Road,OFF PEAK,15808,-33.817974,150.981827,0000-00-00 00:00:00,0000-00-00 00:00:00
553,Merrylands,Hawkesbury Road,PM PEAK,8588,-33.817974,150.981827,0000-00-00 00:00:00,0000-00-00 00:00:00
554,St Marys,Pages Road,ALL DAYS,27289,-33.769588,150.768738,0000-00-00 00:00:00,0000-00-00 00:00:00
555,St Marys,Pages Road,AM PEAK,6894,-33.769588,150.768738,0000-00-00 00:00:00,0000-00-00 00:00:00
556,St Marys,Pages Road,OFF PEAK,13986,-33.769588,150.768738,0000-00-00 00:00:00,0000-00-00 00:00:00
557,St Marys,Pages Road,PM PEAK,7544,-33.769588,150.768738,0000-00-00 00:00:00,0000-00-00 00:00:00
558,Milperra,Newbridge Road,ALL DAYS,42039,-33.92949295,150.9801636,0000-00-00 00:00:00,0000-00-00 00:00:00
559,Milperra,Newbridge Road,AM PEAK,10870,-33.92949295,150.9801636,0000-00-00 00:00:00,0000-00-00 00:00:00
560,Milperra,Newbridge Road,OFF PEAK,22286,-33.92949295,150.9801636,0000-00-00 00:00:00,0000-00-00 00:00:00
561,Milperra,Newbridge Road,PM PEAK,12432,-33.92949295,150.9801636,0000-00-00 00:00:00,0000-00-00 00:00:00
562,Baulkham Hills,Windsor Road,ALL DAYS,38701,-33.740467,150.984421,0000-00-00 00:00:00,0000-00-00 00:00:00
563,Baulkham Hills,Windsor Road,AM PEAK,11654,-33.740467,150.984421,0000-00-00 00:00:00,0000-00-00 00:00:00
564,Baulkham Hills,Windsor Road,OFF PEAK,14727,-33.740467,150.984421,0000-00-00 00:00:00,0000-00-00 00:00:00
565,Baulkham Hills,Windsor Road,PM PEAK,9442,-33.740467,150.984421,0000-00-00 00:00:00,0000-00-00 00:00:00
566,North Rocks,Renown Road,ALL DAYS,17150,-33.765114,151.009125,0000-00-00 00:00:00,0000-00-00 00:00:00
567,North Rocks,Renown Road,AM PEAK,4919,-33.765114,151.009125,0000-00-00 00:00:00,0000-00-00 00:00:00
568,North Rocks,Renown Road,OFF PEAK,7481,-33.765114,151.009125,0000-00-00 00:00:00,0000-00-00 00:00:00
569,North Rocks,Renown Road,PM PEAK,6077,-33.765114,151.009125,0000-00-00 00:00:00,0000-00-00 00:00:00
570,Croydon Park,Georges River Road,ALL DAYS,26613,-33.894714,151.110962,0000-00-00 00:00:00,0000-00-00 00:00:00
571,Croydon Park,Georges River Road,AM PEAK,6741,-33.894714,151.110962,0000-00-00 00:00:00,0000-00-00 00:00:00
572,Croydon Park,Georges River Road,OFF PEAK,13274,-33.894714,151.110962,0000-00-00 00:00:00,0000-00-00 00:00:00
573,Croydon Park,Georges River Road,PM PEAK,7519,-33.894714,151.110962,0000-00-00 00:00:00,0000-00-00 00:00:00
574,Dural,Old Northern Road,ALL DAYS,17136,-33.699642,151.01561,0000-00-00 00:00:00,0000-00-00 00:00:00
575,Dural,Old Northern Road,AM PEAK,5073,-33.699642,151.01561,0000-00-00 00:00:00,0000-00-00 00:00:00
576,Dural,Old Northern Road,OFF PEAK,8846,-33.699642,151.01561,0000-00-00 00:00:00,0000-00-00 00:00:00
577,Dural,Old Northern Road,PM PEAK,4656,-33.699642,151.01561,0000-00-00 00:00:00,0000-00-00 00:00:00
578,Wahroonga,Pacific Highway,ALL DAYS,34381,-33.717724,151.108383,0000-00-00 00:00:00,0000-00-00 00:00:00
579,Wahroonga,Pacific Highway,AM PEAK,8479,-33.717724,151.108383,0000-00-00 00:00:00,0000-00-00 00:00:00
580,Wahroonga,Pacific Highway,OFF PEAK,17502,-33.717724,151.108383,0000-00-00 00:00:00,0000-00-00 00:00:00
581,Wahroonga,Pacific Highway,PM PEAK,9655,-33.717724,151.108383,0000-00-00 00:00:00,0000-00-00 00:00:00
582,Pennant Hills,Pennant Hills Road,ALL DAYS,62549,-33.740452,151.059372,0000-00-00 00:00:00,0000-00-00 00:00:00
583,Pennant Hills,Pennant Hills Road,AM PEAK,16465,-33.740452,151.059372,0000-00-00 00:00:00,0000-00-00 00:00:00
584,Pennant Hills,Pennant Hills Road,OFF PEAK,31850,-33.740452,151.059372,0000-00-00 00:00:00,0000-00-00 00:00:00
585,Pennant Hills,Pennant Hills Road,PM PEAK,15698,-33.740452,151.059372,0000-00-00 00:00:00,0000-00-00 00:00:00
586,Asquith,Pacific Highway,ALL DAYS,19184,-33.684055,151.110504,0000-00-00 00:00:00,0000-00-00 00:00:00
587,Asquith,Pacific Highway,AM PEAK,5157,-33.684055,151.110504,0000-00-00 00:00:00,0000-00-00 00:00:00
588,Asquith,Pacific Highway,OFF PEAK,8821,-33.684055,151.110504,0000-00-00 00:00:00,0000-00-00 00:00:00
589,Asquith,Pacific Highway,PM PEAK,6179,-33.684055,151.110504,0000-00-00 00:00:00,0000-00-00 00:00:00
590,Cherrybrook,New Line Road,ALL DAYS,29546,-33.723019,151.036606,0000-00-00 00:00:00,0000-00-00 00:00:00
591,Cherrybrook,New Line Road,AM PEAK,7942,-33.723019,151.036606,0000-00-00 00:00:00,0000-00-00 00:00:00
592,Cherrybrook,New Line Road,OFF PEAK,14179,-33.723019,151.036606,0000-00-00 00:00:00,0000-00-00 00:00:00
593,Cherrybrook,New Line Road,PM PEAK,8402,-33.723019,151.036606,0000-00-00 00:00:00,0000-00-00 00:00:00
594,Cheltenham,Beecroft Road,ALL DAYS,30915,-33.760658,151.07962,0000-00-00 00:00:00,0000-00-00 00:00:00
595,Cheltenham,Beecroft Road,AM PEAK,8595,-33.760658,151.07962,0000-00-00 00:00:00,0000-00-00 00:00:00
596,Cheltenham,Beecroft Road,OFF PEAK,14999,-33.760658,151.07962,0000-00-00 00:00:00,0000-00-00 00:00:00
597,Cheltenham,Beecroft Road,PM PEAK,8701,-33.760658,151.07962,0000-00-00 00:00:00,0000-00-00 00:00:00
598,Epping,Epping Road,ALL DAYS,56137,-33.773907,151.082626,0000-00-00 00:00:00,0000-00-00 00:00:00
599,Epping,Epping Road,OFF PEAK,14359,-33.773907,151.082626,0000-00-00 00:00:00,0000-00-00 00:00:00
600,Epping,Epping Road,PM PEAK,15727,-33.773907,151.082626,0000-00-00 00:00:00,0000-00-00 00:00:00
601,Cowan,Pacific Highway,ALL DAYS,3270,-33.541714,151.198547,0000-00-00 00:00:00,0000-00-00 00:00:00
602,Cowan,Pacific Highway,AM PEAK,728,-33.541714,151.198547,0000-00-00 00:00:00,0000-00-00 00:00:00
603,Cowan,Pacific Highway,OFF PEAK,1414,-33.541714,151.198547,0000-00-00 00:00:00,0000-00-00 00:00:00
604,Cowan,Pacific Highway,PM PEAK,758,-33.541714,151.198547,0000-00-00 00:00:00,0000-00-00 00:00:00
605,Leumeah,Campbelltown Road,ALL DAYS,44122,-34.050945,150.825409,0000-00-00 00:00:00,0000-00-00 00:00:00
606,Leumeah,Campbelltown Road,AM PEAK,11402,-34.050945,150.825409,0000-00-00 00:00:00,0000-00-00 00:00:00
607,Leumeah,Campbelltown Road,OFF PEAK,23518,-34.050945,150.825409,0000-00-00 00:00:00,0000-00-00 00:00:00
608,Leumeah,Campbelltown Road,PM PEAK,12684,-34.050945,150.825409,0000-00-00 00:00:00,0000-00-00 00:00:00
609,Werrington,Great Western Highway,ALL DAYS,40510,-33.769199,150.761856,0000-00-00 00:00:00,0000-00-00 00:00:00
610,Werrington,Great Western Highway,AM PEAK,10222,-33.769199,150.761856,0000-00-00 00:00:00,0000-00-00 00:00:00
611,Werrington,Great Western Highway,OFF PEAK,20598,-33.769199,150.761856,0000-00-00 00:00:00,0000-00-00 00:00:00
612,Werrington,Great Western Highway,PM PEAK,12634,-33.769199,150.761856,0000-00-00 00:00:00,0000-00-00 00:00:00
613,Kingswood,Parker Street,ALL DAYS,42277,-33.756058,150.712326,0000-00-00 00:00:00,0000-00-00 00:00:00
614,Kingswood,Parker Street,AM PEAK,10287,-33.756058,150.712326,0000-00-00 00:00:00,0000-00-00 00:00:00
615,Kingswood,Parker Street,OFF PEAK,21663,-33.756058,150.712326,0000-00-00 00:00:00,0000-00-00 00:00:00
616,Kingswood,Parker Street,PM PEAK,11977,-33.756058,150.712326,0000-00-00 00:00:00,0000-00-00 00:00:00
617,Penrith,Great Western Highway,ALL DAYS,22843,-33.746132,150.681915,0000-00-00 00:00:00,0000-00-00 00:00:00
618,Penrith,Great Western Highway,AM PEAK,5767,-33.746132,150.681915,0000-00-00 00:00:00,0000-00-00 00:00:00
619,Penrith,Great Western Highway,OFF PEAK,12105,-33.746132,150.681915,0000-00-00 00:00:00,0000-00-00 00:00:00
620,Penrith,Great Western Highway,PM PEAK,6428,-33.746132,150.681915,0000-00-00 00:00:00,0000-00-00 00:00:00
621,Yarra,Federal Highway,ALL DAYS,13209,-34.817825,149.601578,0000-00-00 00:00:00,0000-00-00 00:00:00
622,Yarra,Federal Highway,AM PEAK,2643,-34.817825,149.601578,0000-00-00 00:00:00,0000-00-00 00:00:00
623,Yarra,Federal Highway,OFF PEAK,6299,-34.817825,149.601578,0000-00-00 00:00:00,0000-00-00 00:00:00
624,Yarra,Federal Highway,PM PEAK,4018,-34.817825,149.601578,0000-00-00 00:00:00,0000-00-00 00:00:00
625,Kingsdale,Crookwell Road,ALL DAYS,2283,-34.68050385,149.6904755,0000-00-00 00:00:00,0000-00-00 00:00:00
626,Kingsdale,Crookwell Road,AM PEAK,587,-34.68050385,149.6904755,0000-00-00 00:00:00,0000-00-00 00:00:00
627,Kingsdale,Crookwell Road,OFF PEAK,1060,-34.68050385,149.6904755,0000-00-00 00:00:00,0000-00-00 00:00:00
628,Kingsdale,Crookwell Road,PM PEAK,713,-34.68050385,149.6904755,0000-00-00 00:00:00,0000-00-00 00:00:00
629,Bungendore,Kings Highway,ALL DAYS,5092,-35.249474,149.490677,0000-00-00 00:00:00,0000-00-00 00:00:00
630,Bungendore,Kings Highway,AM PEAK,1071,-35.249474,149.490677,0000-00-00 00:00:00,0000-00-00 00:00:00
631,Bungendore,Kings Highway,OFF PEAK,2188,-35.249474,149.490677,0000-00-00 00:00:00,0000-00-00 00:00:00
632,Bungendore,Kings Highway,PM PEAK,1511,-35.249474,149.490677,0000-00-00 00:00:00,0000-00-00 00:00:00
633,Sutton,Sutton Road,ALL DAYS,2939,-35.214867,149.271011,0000-00-00 00:00:00,0000-00-00 00:00:00
634,Sutton,Sutton Road,AM PEAK,863,-35.214867,149.271011,0000-00-00 00:00:00,0000-00-00 00:00:00
635,Sutton,Sutton Road,OFF PEAK,1219,-35.214867,149.271011,0000-00-00 00:00:00,0000-00-00 00:00:00
636,Sutton,Sutton Road,PM PEAK,997,-35.214867,149.271011,0000-00-00 00:00:00,0000-00-00 00:00:00
637,Miranda,Kingsway,ALL DAYS,24023,-34.033203,151.092529,0000-00-00 00:00:00,0000-00-00 00:00:00
638,Miranda,Kingsway,AM PEAK,4783,-34.033203,151.092529,0000-00-00 00:00:00,0000-00-00 00:00:00
639,Miranda,Kingsway,OFF PEAK,12005,-34.033203,151.092529,0000-00-00 00:00:00,0000-00-00 00:00:00
640,Miranda,Kingsway,PM PEAK,7592,-34.033203,151.092529,0000-00-00 00:00:00,0000-00-00 00:00:00
641,Ryde,Victoria Road,ALL DAYS,50431,-33.819687,151.117416,0000-00-00 00:00:00,0000-00-00 00:00:00
642,Ryde,Victoria Road,AM PEAK,12944,-33.819687,151.117416,0000-00-00 00:00:00,0000-00-00 00:00:00
643,Ryde,Victoria Road,OFF PEAK,25264,-33.819687,151.117416,0000-00-00 00:00:00,0000-00-00 00:00:00
644,Ryde,Victoria Road,PM PEAK,13837,-33.819687,151.117416,0000-00-00 00:00:00,0000-00-00 00:00:00
645,Strathfield,The Boulevarde,ALL DAYS,21493,-33.877975,151.093185,0000-00-00 00:00:00,0000-00-00 00:00:00
646,Strathfield,The Boulevarde,AM PEAK,5709,-33.877975,151.093185,0000-00-00 00:00:00,0000-00-00 00:00:00
647,Strathfield,The Boulevarde,OFF PEAK,10329,-33.877975,151.093185,0000-00-00 00:00:00,0000-00-00 00:00:00
648,Strathfield,The Boulevarde,PM PEAK,6548,-33.877975,151.093185,0000-00-00 00:00:00,0000-00-00 00:00:00
649,Faulconbridge,Great Western Highway,ALL DAYS,28201,-33.706028,150.527969,0000-00-00 00:00:00,0000-00-00 00:00:00
650,Faulconbridge,Great Western Highway,AM PEAK,6349,-33.706028,150.527969,0000-00-00 00:00:00,0000-00-00 00:00:00
651,Faulconbridge,Great Western Highway,OFF PEAK,13469,-33.706028,150.527969,0000-00-00 00:00:00,0000-00-00 00:00:00
652,Faulconbridge,Great Western Highway,PM PEAK,7740,-33.706028,150.527969,0000-00-00 00:00:00,0000-00-00 00:00:00
653,Table Top,Hume Highway,ALL DAYS,12080,-35.967876,147.004715,0000-00-00 00:00:00,0000-00-00 00:00:00
654,Table Top,Hume Highway,AM PEAK,2200,-35.967876,147.004715,0000-00-00 00:00:00,0000-00-00 00:00:00
655,Table Top,Hume Highway,OFF PEAK,6900,-35.967876,147.004715,0000-00-00 00:00:00,0000-00-00 00:00:00
656,Table Top,Hume Highway,PM PEAK,3393,-35.967876,147.004715,0000-00-00 00:00:00,0000-00-00 00:00:00
657,Boggabilla,Newell Highway,ALL DAYS,3908,-28.567099,150.321335,0000-00-00 00:00:00,0000-00-00 00:00:00
658,Boggabilla,Newell Highway,AM PEAK,737,-28.567099,150.321335,0000-00-00 00:00:00,0000-00-00 00:00:00
659,Boggabilla,Newell Highway,OFF PEAK,2293,-28.567099,150.321335,0000-00-00 00:00:00,0000-00-00 00:00:00
660,Boggabilla,Newell Highway,PM PEAK,1139,-28.567099,150.321335,0000-00-00 00:00:00,0000-00-00 00:00:00
661,Broken Hill,Barrier Highway,ALL DAYS,492,-31.919672,141.534698,0000-00-00 00:00:00,0000-00-00 00:00:00
662,Broken Hill,Barrier Highway,AM PEAK,106,-31.919672,141.534698,0000-00-00 00:00:00,0000-00-00 00:00:00
663,Broken Hill,Barrier Highway,OFF PEAK,253,-31.919672,141.534698,0000-00-00 00:00:00,0000-00-00 00:00:00
664,Broken Hill,Barrier Highway,PM PEAK,123,-31.919672,141.534698,0000-00-00 00:00:00,0000-00-00 00:00:00
665,Balranald,Sturt Highway,ALL DAYS,1190,-34.674763,143.572067,0000-00-00 00:00:00,0000-00-00 00:00:00
666,Balranald,Sturt Highway,AM PEAK,215,-34.674763,143.572067,0000-00-00 00:00:00,0000-00-00 00:00:00
667,Balranald,Sturt Highway,OFF PEAK,705,-34.674763,143.572067,0000-00-00 00:00:00,0000-00-00 00:00:00
668,Balranald,Sturt Highway,PM PEAK,305,-34.674763,143.572067,0000-00-00 00:00:00,0000-00-00 00:00:00
669,Bendemeer,New England Highway,ALL DAYS,4476,-30.896273,151.154327,0000-00-00 00:00:00,0000-00-00 00:00:00
670,Bendemeer,New England Highway,AM PEAK,1049,-30.896273,151.154327,0000-00-00 00:00:00,0000-00-00 00:00:00
671,Bendemeer,New England Highway,OFF PEAK,2201,-30.896273,151.154327,0000-00-00 00:00:00,0000-00-00 00:00:00
672,Bendemeer,New England Highway,PM PEAK,1271,-30.896273,151.154327,0000-00-00 00:00:00,0000-00-00 00:00:00
673,Bargo,Avon Dam Road,ALL DAYS,34187,-34.309757,150.60141,0000-00-00 00:00:00,0000-00-00 00:00:00
674,Bargo,Avon Dam Road,AM PEAK,7163,-34.309757,150.60141,0000-00-00 00:00:00,0000-00-00 00:00:00
675,Bargo,Avon Dam Road,OFF PEAK,17159,-34.309757,150.60141,0000-00-00 00:00:00,0000-00-00 00:00:00
676,Bargo,Avon Dam Road,PM PEAK,8991,-34.309757,150.60141,0000-00-00 00:00:00,0000-00-00 00:00:00
677,Tannabar,Newell Highway,ALL DAYS,2781,-31.31538,149.303513,0000-00-00 00:00:00,0000-00-00 00:00:00
678,Tannabar,Newell Highway,AM PEAK,616,-31.31538,149.303513,0000-00-00 00:00:00,0000-00-00 00:00:00
679,Tannabar,Newell Highway,OFF PEAK,1498,-31.31538,149.303513,0000-00-00 00:00:00,0000-00-00 00:00:00
680,Tannabar,Newell Highway,PM PEAK,725,-31.31538,149.303513,0000-00-00 00:00:00,0000-00-00 00:00:00
681,Dundee,New England Highway,ALL DAYS,2220,-29.568588,151.865753,0000-00-00 00:00:00,0000-00-00 00:00:00
682,Dundee,New England Highway,AM PEAK,436,-29.568588,151.865753,0000-00-00 00:00:00,0000-00-00 00:00:00
683,Dundee,New England Highway,OFF PEAK,1223,-29.568588,151.865753,0000-00-00 00:00:00,0000-00-00 00:00:00
684,Dundee,New England Highway,PM PEAK,574,-29.568588,151.865753,0000-00-00 00:00:00,0000-00-00 00:00:00
685,North Wahroonga,Pacific Motorway,ALL DAYS,89145,-33.694206,151.121323,0000-00-00 00:00:00,0000-00-00 00:00:00
686,North Wahroonga,Pacific Motorway,AM PEAK,21622,-33.694206,151.121323,0000-00-00 00:00:00,0000-00-00 00:00:00
687,North Wahroonga,Pacific Motorway,OFF PEAK,43804,-33.694206,151.121323,0000-00-00 00:00:00,0000-00-00 00:00:00
688,North Wahroonga,Pacific Motorway,PM PEAK,23771,-33.694206,151.121323,0000-00-00 00:00:00,0000-00-00 00:00:00
689,Bar Point,Pacific Motorway,ALL DAYS,84653,-33.496265,151.187408,0000-00-00 00:00:00,0000-00-00 00:00:00
690,Bar Point,Pacific Motorway,AM PEAK,19709,-33.496265,151.187408,0000-00-00 00:00:00,0000-00-00 00:00:00
691,Bar Point,Pacific Motorway,OFF PEAK,42190,-33.496265,151.187408,0000-00-00 00:00:00,0000-00-00 00:00:00
692,Bar Point,Pacific Motorway,PM PEAK,23314,-33.496265,151.187408,0000-00-00 00:00:00,0000-00-00 00:00:00
693,Gundagai,Hume Highway,ALL DAYS,11218,-35.007648,148.111343,0000-00-00 00:00:00,0000-00-00 00:00:00
694,Gundagai,Hume Highway,AM PEAK,1695,-35.007648,148.111343,0000-00-00 00:00:00,0000-00-00 00:00:00
695,Gundagai,Hume Highway,OFF PEAK,6658,-35.007648,148.111343,0000-00-00 00:00:00,0000-00-00 00:00:00
696,Gundagai,Hume Highway,PM PEAK,2866,-35.007648,148.111343,0000-00-00 00:00:00,0000-00-00 00:00:00
697,Manton,Hume Highway,ALL DAYS,8616,-34.836449,149.007996,0000-00-00 00:00:00,0000-00-00 00:00:00
698,Manton,Hume Highway,AM PEAK,1279,-34.836449,149.007996,0000-00-00 00:00:00,0000-00-00 00:00:00
699,Manton,Hume Highway,OFF PEAK,5432,-34.836449,149.007996,0000-00-00 00:00:00,0000-00-00 00:00:00
700,Manton,Hume Highway,PM PEAK,2066,-34.836449,149.007996,0000-00-00 00:00:00,0000-00-00 00:00:00
701,Maclean,Pacific Highway,ALL DAYS,13950,-29.434345,153.240707,0000-00-00 00:00:00,0000-00-00 00:00:00
702,Maclean,Pacific Highway,AM PEAK,3196,-29.434345,153.240707,0000-00-00 00:00:00,0000-00-00 00:00:00
703,Maclean,Pacific Highway,OFF PEAK,7757,-29.434345,153.240707,0000-00-00 00:00:00,0000-00-00 00:00:00
704,Maclean,Pacific Highway,PM PEAK,3575,-29.434345,153.240707,0000-00-00 00:00:00,0000-00-00 00:00:00
705,Jerilderie,Newell Highway,ALL DAYS,1987,-35.350632,145.755707,0000-00-00 00:00:00,0000-00-00 00:00:00
706,Jerilderie,Newell Highway,AM PEAK,372,-35.350632,145.755707,0000-00-00 00:00:00,0000-00-00 00:00:00
707,Jerilderie,Newell Highway,OFF PEAK,1157,-35.350632,145.755707,0000-00-00 00:00:00,0000-00-00 00:00:00
708,Jerilderie,Newell Highway,PM PEAK,546,-35.350632,145.755707,0000-00-00 00:00:00,0000-00-00 00:00:00
709,Mount Keira,Mount Ousley Road Hvcs,ALL DAYS,53018,-34.390652,150.858108,0000-00-00 00:00:00,0000-00-00 00:00:00
710,Mount Keira,Mount Ousley Road Hvcs,AM PEAK,13545,-34.390652,150.858108,0000-00-00 00:00:00,0000-00-00 00:00:00
711,Mount Keira,Mount Ousley Road Hvcs,OFF PEAK,24906,-34.390652,150.858108,0000-00-00 00:00:00,0000-00-00 00:00:00
712,Mount Keira,Mount Ousley Road Hvcs,PM PEAK,15646,-34.390652,150.858108,0000-00-00 00:00:00,0000-00-00 00:00:00
713,Caragabal,Newell Highway,ALL DAYS,1869,-33.759418,147.523041,0000-00-00 00:00:00,0000-00-00 00:00:00
714,Caragabal,Newell Highway,AM PEAK,362,-33.759418,147.523041,0000-00-00 00:00:00,0000-00-00 00:00:00
715,Caragabal,Newell Highway,OFF PEAK,1071,-33.759418,147.523041,0000-00-00 00:00:00,0000-00-00 00:00:00
716,Caragabal,Newell Highway,PM PEAK,447,-33.759418,147.523041,0000-00-00 00:00:00,0000-00-00 00:00:00
717,Mulwala,Melbourne Street,ALL DAYS,9262,-36.003071,146.003235,0000-00-00 00:00:00,0000-00-00 00:00:00
718,Mulwala,Melbourne Street,AM PEAK,1897,-36.003071,146.003235,0000-00-00 00:00:00,0000-00-00 00:00:00
719,Mulwala,Melbourne Street,OFF PEAK,4756,-36.003071,146.003235,0000-00-00 00:00:00,0000-00-00 00:00:00
720,Mulwala,Melbourne Street,PM PEAK,2847,-36.003071,146.003235,0000-00-00 00:00:00,0000-00-00 00:00:00
721,Euroley,Sturt Highway,ALL DAYS,1250,-34.696266,146.341217,0000-00-00 00:00:00,0000-00-00 00:00:00
722,Euroley,Sturt Highway,AM PEAK,278,-34.696266,146.341217,0000-00-00 00:00:00,0000-00-00 00:00:00
723,Euroley,Sturt Highway,OFF PEAK,681,-34.696266,146.341217,0000-00-00 00:00:00,0000-00-00 00:00:00
724,Euroley,Sturt Highway,PM PEAK,337,-34.696266,146.341217,0000-00-00 00:00:00,0000-00-00 00:00:00
725,Nyngan,Mitchell Highway,ALL DAYS,1184,-31.568691,147.209168,0000-00-00 00:00:00,0000-00-00 00:00:00
726,Nyngan,Mitchell Highway,AM PEAK,302,-31.568691,147.209168,0000-00-00 00:00:00,0000-00-00 00:00:00
727,Nyngan,Mitchell Highway,OFF PEAK,601,-31.568691,147.209168,0000-00-00 00:00:00,0000-00-00 00:00:00
728,Nyngan,Mitchell Highway,PM PEAK,340,-31.568691,147.209168,0000-00-00 00:00:00,0000-00-00 00:00:00
729,Jones Island,Pacific Highway,ALL DAYS,17173,-31.860619,152.600388,0000-00-00 00:00:00,0000-00-00 00:00:00
730,Jones Island,Pacific Highway,AM PEAK,3736,-31.860619,152.600388,0000-00-00 00:00:00,0000-00-00 00:00:00
731,Jones Island,Pacific Highway,OFF PEAK,9271,-31.860619,152.600388,0000-00-00 00:00:00,0000-00-00 00:00:00
732,Jones Island,Pacific Highway,PM PEAK,4403,-31.860619,152.600388,0000-00-00 00:00:00,0000-00-00 00:00:00
733,Hornsby Heights,Galston Road,ALL DAYS,5782,-33.665455,151.090271,0000-00-00 00:00:00,0000-00-00 00:00:00
734,Hornsby Heights,Galston Road,AM PEAK,1963,-33.665455,151.090271,0000-00-00 00:00:00,0000-00-00 00:00:00
735,Hornsby Heights,Galston Road,OFF PEAK,2205,-33.665455,151.090271,0000-00-00 00:00:00,0000-00-00 00:00:00
736,Hornsby Heights,Galston Road,PM PEAK,2164,-33.665455,151.090271,0000-00-00 00:00:00,0000-00-00 00:00:00
737,Boggabilla,Newell Highway,ALL DAYS,3908,-28.566883,150.321152,0000-00-00 00:00:00,0000-00-00 00:00:00
738,Boggabilla,Newell Highway,AM PEAK,738,-28.566883,150.321152,0000-00-00 00:00:00,0000-00-00 00:00:00
739,Boggabilla,Newell Highway,OFF PEAK,2294,-28.566883,150.321152,0000-00-00 00:00:00,0000-00-00 00:00:00
740,Boggabilla,Newell Highway,PM PEAK,1138,-28.566883,150.321152,0000-00-00 00:00:00,0000-00-00 00:00:00
741,Jerilderie,Newell Highway,ALL DAYS,1989,-35.350391,145.756058,0000-00-00 00:00:00,0000-00-00 00:00:00
742,Jerilderie,Newell Highway,AM PEAK,373,-35.350391,145.756058,0000-00-00 00:00:00,0000-00-00 00:00:00
743,Jerilderie,Newell Highway,OFF PEAK,1155,-35.350391,145.756058,0000-00-00 00:00:00,0000-00-00 00:00:00
744,Jerilderie,Newell Highway,PM PEAK,546,-35.350391,145.756058,0000-00-00 00:00:00,0000-00-00 00:00:00
745,Balranald,Sturt Highway,ALL DAYS,1191,-34.6745,143.571899,0000-00-00 00:00:00,0000-00-00 00:00:00
746,Balranald,Sturt Highway,AM PEAK,215,-34.6745,143.571899,0000-00-00 00:00:00,0000-00-00 00:00:00
747,Balranald,Sturt Highway,OFF PEAK,705,-34.6745,143.571899,0000-00-00 00:00:00,0000-00-00 00:00:00
748,Balranald,Sturt Highway,PM PEAK,305,-34.6745,143.571899,0000-00-00 00:00:00,0000-00-00 00:00:00
749,Euroley,Sturt Highway,ALL DAYS,1253,-34.69595,146.340912,0000-00-00 00:00:00,0000-00-00 00:00:00
750,Euroley,Sturt Highway,AM PEAK,278,-34.69595,146.340912,0000-00-00 00:00:00,0000-00-00 00:00:00
751,Euroley,Sturt Highway,OFF PEAK,682,-34.69595,146.340912,0000-00-00 00:00:00,0000-00-00 00:00:00
752,Euroley,Sturt Highway,PM PEAK,339,-34.69595,146.340912,0000-00-00 00:00:00,0000-00-00 00:00:00
753,Dundee,New England Highway,ALL DAYS,2223,-29.56786,151.865753,0000-00-00 00:00:00,0000-00-00 00:00:00
754,Dundee,New England Highway,AM PEAK,437,-29.56786,151.865753,0000-00-00 00:00:00,0000-00-00 00:00:00
755,Dundee,New England Highway,OFF PEAK,1222,-29.56786,151.865753,0000-00-00 00:00:00,0000-00-00 00:00:00
756,Dundee,New England Highway,PM PEAK,577,-29.56786,151.865753,0000-00-00 00:00:00,0000-00-00 00:00:00
757,Maclean,Pacific Highway,ALL DAYS,13903,-29.434433,153.240707,0000-00-00 00:00:00,0000-00-00 00:00:00
758,Maclean,Pacific Highway,AM PEAK,3188,-29.434433,153.240707,0000-00-00 00:00:00,0000-00-00 00:00:00
759,Maclean,Pacific Highway,OFF PEAK,7716,-29.434433,153.240707,0000-00-00 00:00:00,0000-00-00 00:00:00
760,Maclean,Pacific Highway,PM PEAK,3565,-29.434433,153.240707,0000-00-00 00:00:00,0000-00-00 00:00:00
761,Marulan,Hume Highway,ALL DAYS,20691,-34.704567,150.014954,0000-00-00 00:00:00,0000-00-00 00:00:00
762,Marulan,Hume Highway,AM PEAK,3650,-34.704567,150.014954,0000-00-00 00:00:00,0000-00-00 00:00:00
763,Marulan,Hume Highway,OFF PEAK,9650,-34.704567,150.014954,0000-00-00 00:00:00,0000-00-00 00:00:00
764,Marulan,Hume Highway,PM PEAK,5373,-34.704567,150.014954,0000-00-00 00:00:00,0000-00-00 00:00:00
765,Blackheath,Great Western Highway Hvcs,ALL DAYS,12776,-33.617626,150.274033,0000-00-00 00:00:00,0000-00-00 00:00:00
766,Blackheath,Great Western Highway Hvcs,AM PEAK,2652,-33.617626,150.274033,0000-00-00 00:00:00,0000-00-00 00:00:00
767,Blackheath,Great Western Highway Hvcs,OFF PEAK,6094,-33.617626,150.274033,0000-00-00 00:00:00,0000-00-00 00:00:00
768,Blackheath,Great Western Highway Hvcs,PM PEAK,3486,-33.617626,150.274033,0000-00-00 00:00:00,0000-00-00 00:00:00
769,Galston,Galston Road,ALL DAYS,6087,-33.654926,151.060974,0000-00-00 00:00:00,0000-00-00 00:00:00
770,Galston,Galston Road,AM PEAK,2031,-33.654926,151.060974,0000-00-00 00:00:00,0000-00-00 00:00:00
771,Galston,Galston Road,OFF PEAK,2335,-33.654926,151.060974,0000-00-00 00:00:00,0000-00-00 00:00:00
772,Galston,Galston Road,PM PEAK,2247,-33.654926,151.060974,0000-00-00 00:00:00,0000-00-00 00:00:00
773,Galston,Galston Road,ALL DAYS,5800,-33.65556,151.063828,0000-00-00 00:00:00,0000-00-00 00:00:00
774,Galston,Galston Road,AM PEAK,1960,-33.65556,151.063828,0000-00-00 00:00:00,0000-00-00 00:00:00
775,Galston,Galston Road,OFF PEAK,2218,-33.65556,151.063828,0000-00-00 00:00:00,0000-00-00 00:00:00
776,Galston,Galston Road,PM PEAK,2153,-33.65556,151.063828,0000-00-00 00:00:00,0000-00-00 00:00:00
777,Hornsby,Galston Road,ALL DAYS,17281,-33.689632,151.097748,0000-00-00 00:00:00,0000-00-00 00:00:00
778,Hornsby,Galston Road,AM PEAK,4977,-33.689632,151.097748,0000-00-00 00:00:00,0000-00-00 00:00:00
779,Hornsby,Galston Road,OFF PEAK,7370,-33.689632,151.097748,0000-00-00 00:00:00,0000-00-00 00:00:00
780,Hornsby,Galston Road,PM PEAK,5909,-33.689632,151.097748,0000-00-00 00:00:00,0000-00-00 00:00:00
781,Bell,Bells Line Of Road,ALL DAYS,3162,-33.511532,150.284225,0000-00-00 00:00:00,0000-00-00 00:00:00
782,Bell,Bells Line Of Road,AM PEAK,548,-33.511532,150.284225,0000-00-00 00:00:00,0000-00-00 00:00:00
783,Bell,Bells Line Of Road,OFF PEAK,1503,-33.511532,150.284225,0000-00-00 00:00:00,0000-00-00 00:00:00
784,Bell,Bells Line Of Road,PM PEAK,798,-33.511532,150.284225,0000-00-00 00:00:00,0000-00-00 00:00:00
785,Mount White,Pacific Motorway,ALL DAYS,77732,-33.454525,151.206726,0000-00-00 00:00:00,0000-00-00 00:00:00
786,Mount White,Pacific Motorway,AM PEAK,17524,-33.454525,151.206726,0000-00-00 00:00:00,0000-00-00 00:00:00
787,Mount White,Pacific Motorway,OFF PEAK,36925,-33.454525,151.206726,0000-00-00 00:00:00,0000-00-00 00:00:00
788,Mount White,Pacific Motorway,PM PEAK,22167,-33.454525,151.206726,0000-00-00 00:00:00,0000-00-00 00:00:00
789,Blackheath,Great Western Highway Hvcs,ALL DAYS,12471,-33.616264,150.273102,0000-00-00 00:00:00,0000-00-00 00:00:00
790,Blackheath,Great Western Highway Hvcs,AM PEAK,2538,-33.616264,150.273102,0000-00-00 00:00:00,0000-00-00 00:00:00
791,Blackheath,Great Western Highway Hvcs,OFF PEAK,6009,-33.616264,150.273102,0000-00-00 00:00:00,0000-00-00 00:00:00
792,Blackheath,Great Western Highway Hvcs,PM PEAK,3366,-33.616264,150.273102,0000-00-00 00:00:00,0000-00-00 00:00:00
793,Bargo,Remembrance Driveway,ALL DAYS,4748,-34.313366,150.586014,0000-00-00 00:00:00,0000-00-00 00:00:00
794,Bargo,Remembrance Driveway,AM PEAK,1265,-34.313366,150.586014,0000-00-00 00:00:00,0000-00-00 00:00:00
795,Bargo,Remembrance Driveway,OFF PEAK,2278,-34.313366,150.586014,0000-00-00 00:00:00,0000-00-00 00:00:00
796,Bargo,Remembrance Driveway,PM PEAK,1485,-34.313366,150.586014,0000-00-00 00:00:00,0000-00-00 00:00:00
797,Bargo,Avon Dam Road,ALL DAYS,4700,-34.308601,150.599533,0000-00-00 00:00:00,0000-00-00 00:00:00
798,Bargo,Avon Dam Road,AM PEAK,1320,-34.308601,150.599533,0000-00-00 00:00:00,0000-00-00 00:00:00
799,Bargo,Avon Dam Road,OFF PEAK,2220,-34.308601,150.599533,0000-00-00 00:00:00,0000-00-00 00:00:00
800,Bargo,Avon Dam Road,PM PEAK,1537,-34.308601,150.599533,0000-00-00 00:00:00,0000-00-00 00:00:00
801,Marulan,Jaorimin Road,ALL DAYS,330,-34.690311,149.999191,0000-00-00 00:00:00,0000-00-00 00:00:00
802,Marulan,Jaorimin Road,AM PEAK,114,-34.690311,149.999191,0000-00-00 00:00:00,0000-00-00 00:00:00
803,Marulan,Jaorimin Road,OFF PEAK,202,-34.690311,149.999191,0000-00-00 00:00:00,0000-00-00 00:00:00
804,Marulan,Jaorimin Road,PM PEAK,60,-34.690311,149.999191,0000-00-00 00:00:00,0000-00-00 00:00:00
805,Biddon,Newell Highway,ALL DAYS,1807,-31.616983,148.746139,0000-00-00 00:00:00,0000-00-00 00:00:00
806,Biddon,Newell Highway,AM PEAK,394,-31.616983,148.746139,0000-00-00 00:00:00,0000-00-00 00:00:00
807,Biddon,Newell Highway,OFF PEAK,997,-31.616983,148.746139,0000-00-00 00:00:00,0000-00-00 00:00:00
808,Biddon,Newell Highway,PM PEAK,448,-31.616983,148.746139,0000-00-00 00:00:00,0000-00-00 00:00:00
809,Coonabarabran,Newell Highway,ALL DAYS,1622,-31.236635,149.31575,0000-00-00 00:00:00,0000-00-00 00:00:00
810,Coonabarabran,Newell Highway,AM PEAK,312,-31.236635,149.31575,0000-00-00 00:00:00,0000-00-00 00:00:00
811,Coonabarabran,Newell Highway,OFF PEAK,914,-31.236635,149.31575,0000-00-00 00:00:00,0000-00-00 00:00:00
812,Coonabarabran,Newell Highway,PM PEAK,395,-31.236635,149.31575,0000-00-00 00:00:00,0000-00-00 00:00:00
813,Chinderah,Pacific Motorway,ALL DAYS,39113,-28.245531,153.546005,0000-00-00 00:00:00,0000-00-00 00:00:00
814,Chinderah,Pacific Motorway,AM PEAK,9089,-28.245531,153.546005,0000-00-00 00:00:00,0000-00-00 00:00:00
815,Chinderah,Pacific Motorway,OFF PEAK,19596,-28.245531,153.546005,0000-00-00 00:00:00,0000-00-00 00:00:00
816,Chinderah,Pacific Motorway,PM PEAK,10897,-28.245531,153.546005,0000-00-00 00:00:00,0000-00-00 00:00:00
817,Tomingley,Newell Highway,ALL DAYS,2652,-32.57792282,148.2220154,0000-00-00 00:00:00,0000-00-00 00:00:00
818,Tomingley,Newell Highway,AM PEAK,610,-32.57792282,148.2220154,0000-00-00 00:00:00,0000-00-00 00:00:00
819,Tomingley,Newell Highway,OFF PEAK,1407,-32.57792282,148.2220154,0000-00-00 00:00:00,0000-00-00 00:00:00
820,Tomingley,Newell Highway,PM PEAK,699,-32.57792282,148.2220154,0000-00-00 00:00:00,0000-00-00 00:00:00
